order_id,customer_id,Product_id,order_date,quantity,order_status
1,388,23,12/22/2006,1,delivered
2,861,397,1/23/2006,6,pending
3,130,342,3/29/2006,6,shipped
4,713,331,11/20/2004,8,delivered
5,225,165,4/12/2024,4,pending
6,715,392,1/1/2016,9,pending
7,314,255,1/3/2021,1,delivered
8,456,191,10/19/2023,1,shipped
9,689,332,5/19/2004,6,delivered
10,321,172,4/8/2024,7,pending
11,229,53,6/29/2020,5,shipped
12,677,14,10/13/2007,8,pending
13,351,256,12/14/2005,8,pending
14,26,117,11/29/2003,8,pending
15,284,306,7/9/2017,5,pending
16,539,130,1/17/2013,2,shipped
17,427,102,10/17/2013,1,delivered
18,231,299,4/12/2020,1,shipped
19,358,232,8/13/2018,7,shipped
20,232,97,7/8/2008,7,shipped
21,261,275,6/22/2014,2,pending
22,558,366,6/23/2012,9,shipped
23,698,378,11/27/2017,10,delivered
24,610,24,7/28/2012,8,pending
25,728,285,11/26/2016,9,delivered
26,962,115,8/22/2001,1,shipped
27,297,129,6/21/2004,8,pending
28,157,223,3/28/2016,9,delivered
29,720,356,12/12/2021,4,pending
30,855,107,4/28/2003,4,delivered
31,509,239,11/29/2001,9,pending
32,24,175,2/18/2022,5,pending
33,122,45,5/2/2014,7,pending
34,910,124,3/6/2005,4,shipped
35,557,200,1/21/2012,1,delivered
36,597,283,3/26/2000,4,pending
37,863,397,2/10/2013,9,shipped
38,123,350,1/16/2003,5,pending
39,55,7,4/27/2003,9,delivered
40,684,3,11/26/2020,5,shipped
41,941,169,7/29/2007,6,delivered
42,967,342,5/20/2009,8,pending
43,129,370,3/16/2019,3,delivered
44,571,20,8/28/2000,3,pending
45,328,77,11/8/2005,7,delivered
46,711,107,12/5/2000,3,shipped
47,384,14,3/26/2011,2,delivered
48,876,138,12/25/2018,1,delivered
49,354,335,10/24/2014,8,shipped
50,241,361,10/18/2014,6,delivered
51,828,333,4/26/2013,6,delivered
52,347,51,12/2/2005,5,delivered
53,160,342,8/4/2004,8,pending
54,221,351,7/1/2008,5,delivered
55,447,209,1/5/2000,1,pending
56,241,182,10/11/2017,1,delivered
57,316,298,11/13/2007,9,delivered
58,146,83,7/12/2023,6,shipped
59,402,267,7/18/2022,4,delivered
60,414,156,12/29/2018,4,pending
61,884,359,12/14/2005,6,delivered
62,577,290,2/13/2002,8,delivered
63,829,304,3/25/2004,10,pending
64,618,355,5/29/2006,2,shipped
65,265,47,8/16/2012,9,delivered
66,989,195,12/10/2001,3,pending
67,655,397,9/28/2018,5,pending
68,392,39,12/1/2010,5,pending
69,978,246,8/7/2010,2,shipped
70,269,383,2/22/2014,9,pending
71,75,379,12/3/2000,2,delivered
72,775,326,9/22/2021,2,pending
73,296,249,12/29/2009,10,delivered
74,363,283,4/14/2001,2,delivered
75,119,106,1/27/2008,9,shipped
76,420,261,8/26/2008,5,shipped
77,425,92,3/9/2022,6,delivered
78,396,53,12/8/2011,4,delivered
79,519,214,7/11/2013,2,pending
80,964,70,11/19/2022,4,pending
81,403,176,12/6/2019,7,pending
82,933,126,2/18/2018,2,delivered
83,295,102,2/6/2019,7,pending
84,904,153,7/16/2015,10,delivered
85,679,171,12/28/2006,8,pending
86,205,31,6/6/2017,3,pending
87,491,102,10/31/2009,8,pending
88,834,173,7/3/2019,7,pending
89,590,14,2/13/2023,3,delivered
90,470,118,11/8/2010,9,pending
91,837,393,6/27/2016,8,pending
92,808,128,12/31/2022,10,pending
93,945,230,3/18/2016,3,shipped
94,662,50,1/10/2015,3,pending
95,1000,368,3/17/2018,3,pending
96,330,106,8/31/2017,2,shipped
97,709,142,6/1/2016,8,shipped
98,570,125,4/1/2016,10,delivered
99,346,2,1/13/2015,7,shipped
100,564,204,11/10/2019,10,delivered
101,759,125,2/11/2016,5,pending
102,531,189,10/15/2012,3,pending
103,855,130,7/3/2003,4,delivered
104,771,231,12/16/2005,7,shipped
105,537,9,4/23/2018,6,pending
106,210,26,12/23/2015,2,shipped
107,214,185,4/4/2015,2,delivered
108,177,244,5/28/2001,3,pending
109,378,169,7/11/2007,5,shipped
110,770,343,9/7/2018,9,delivered
111,12,279,3/3/2000,1,shipped
112,660,25,8/31/2008,10,delivered
113,327,344,1/31/2020,5,pending
114,283,253,1/3/2011,4,pending
115,121,196,10/2/2000,1,delivered
116,414,102,12/13/2023,4,shipped
117,806,119,8/14/2004,3,delivered
118,477,74,2/9/2018,8,shipped
119,102,154,9/12/2002,5,pending
120,488,360,7/24/2007,6,shipped
121,506,112,3/13/2020,7,delivered
122,565,9,7/6/2018,3,shipped
123,310,223,3/4/2013,3,pending
124,840,224,2/21/2006,4,shipped
125,547,217,9/30/2020,2,shipped
126,715,181,10/2/2019,6,shipped
127,911,204,9/17/2004,1,shipped
128,436,360,8/11/2008,6,shipped
129,675,115,10/10/2013,1,pending
130,140,212,10/17/2019,9,delivered
131,510,238,7/21/2006,10,pending
132,13,327,12/24/2011,9,pending
133,465,254,5/8/2000,9,pending
134,581,12,5/23/2024,4,pending
135,249,89,12/31/2013,1,delivered
136,892,69,1/23/2013,1,delivered
137,240,336,8/15/2006,7,shipped
138,821,261,7/4/2006,7,pending
139,739,283,4/3/2024,8,pending
140,244,27,2/11/2010,10,shipped
141,379,205,7/27/2011,2,pending
142,148,390,12/26/2017,2,shipped
143,750,184,2/18/2020,7,shipped
144,405,31,5/20/2018,8,shipped
145,451,162,5/27/2010,6,pending
146,848,60,5/21/2018,5,pending
147,22,64,11/9/2015,6,pending
148,928,372,2/10/2016,6,shipped
149,730,228,8/19/2019,9,pending
150,695,80,6/5/2009,4,pending
151,38,71,7/11/2003,4,delivered
152,306,387,5/3/2004,8,pending
153,706,15,9/23/2013,8,pending
154,79,226,4/27/2021,2,shipped
155,22,355,5/22/2008,6,delivered
156,989,311,9/3/2012,6,shipped
157,547,194,11/7/2011,1,shipped
158,342,97,8/21/2023,3,shipped
159,291,272,11/27/2019,8,delivered
160,111,79,12/3/2019,9,shipped
161,536,283,3/10/2024,10,shipped
162,269,161,5/7/2012,1,shipped
163,544,321,3/3/2002,9,shipped
164,7,233,10/16/2006,1,shipped
165,683,191,6/22/2003,7,delivered
166,799,20,1/9/2015,10,shipped
167,301,186,12/7/2021,3,delivered
168,153,124,4/23/2022,3,shipped
169,35,162,12/4/2017,3,shipped
170,389,97,10/9/2006,4,shipped
171,239,21,2/7/2004,7,shipped
172,9,210,1/12/2000,6,delivered
173,572,110,8/29/2021,6,delivered
174,480,321,2/9/2005,2,delivered
175,368,8,3/21/2005,3,pending
176,544,388,5/9/2023,8,shipped
177,232,233,3/6/2023,3,shipped
178,258,231,2/25/2007,3,shipped
179,996,155,10/25/2018,6,delivered
180,432,165,1/10/2009,4,delivered
181,315,47,2/12/2015,3,delivered
182,95,28,1/18/2013,2,delivered
183,618,218,4/25/2021,4,delivered
184,768,336,7/2/2006,9,delivered
185,774,32,4/18/2016,10,delivered
186,184,220,3/5/2004,5,delivered
187,226,33,4/4/2005,6,delivered
188,763,285,12/21/2017,6,pending
189,212,37,5/15/2017,7,pending
190,326,96,4/7/2002,2,shipped
191,276,187,8/2/2001,3,delivered
192,2,51,5/11/2021,9,pending
193,732,212,7/16/2017,6,shipped
194,72,57,7/16/2012,6,shipped
195,1000,221,1/7/2014,2,delivered
196,692,348,11/10/2023,2,pending
197,749,42,5/11/2022,9,pending
198,643,306,10/19/2013,7,shipped
199,233,394,7/1/2003,8,delivered
200,389,126,9/20/2000,7,delivered
201,151,167,1/2/2011,6,pending
202,761,152,8/11/2024,6,pending
203,117,314,1/6/2001,6,delivered
204,571,351,10/4/2010,6,shipped
205,107,206,8/23/2013,5,delivered
206,660,59,11/6/2006,4,delivered
207,923,177,7/30/2004,10,pending
208,237,205,10/15/2006,6,pending
209,942,376,5/2/2001,6,shipped
210,303,119,5/30/2016,10,pending
211,475,331,3/1/2023,7,shipped
212,404,213,10/20/2002,6,delivered
213,665,25,9/17/2005,4,delivered
214,15,289,4/21/2009,2,delivered
215,380,28,5/27/2001,5,shipped
216,213,159,1/19/2022,8,pending
217,237,108,12/24/2002,8,shipped
218,43,141,3/24/2011,2,delivered
219,100,297,6/8/2000,6,delivered
220,185,320,10/17/2020,5,pending
221,269,262,10/10/2019,8,delivered
222,370,335,11/24/2003,6,pending
223,773,307,3/20/2000,9,pending
224,531,334,4/21/2011,6,delivered
225,15,64,11/11/2000,1,shipped
226,447,243,10/24/2001,6,shipped
227,4,126,1/28/2017,4,delivered
228,652,379,6/19/2021,5,pending
229,868,61,3/11/2005,8,shipped
230,531,89,6/28/2000,9,pending
231,547,68,1/15/2017,9,delivered
232,136,208,9/20/2004,3,pending
233,840,44,10/23/2019,6,pending
234,236,213,11/5/2004,2,delivered
235,578,348,11/19/2024,5,pending
236,706,289,8/16/2006,10,pending
237,160,266,6/5/2021,9,shipped
238,285,224,9/28/2017,3,shipped
239,218,70,5/11/2009,10,delivered
240,691,84,5/30/2012,7,delivered
241,459,18,9/17/2017,6,pending
242,434,221,10/17/2021,4,delivered
243,741,212,10/28/2019,4,shipped
244,499,159,11/25/2017,1,shipped
245,553,28,12/12/2021,2,shipped
246,4,361,11/20/2003,10,shipped
247,648,255,12/20/2005,5,pending
248,97,382,8/12/2003,7,pending
249,719,148,9/16/2008,5,pending
250,583,197,1/26/2015,1,shipped
251,929,364,4/21/2003,5,shipped
252,468,236,11/26/2022,3,shipped
253,425,131,10/21/2024,2,pending
254,226,172,5/25/2002,7,shipped
255,259,149,1/31/2010,6,shipped
256,145,10,3/30/2020,7,pending
257,244,55,4/29/2006,2,delivered
258,946,97,9/4/2011,9,delivered
259,264,243,7/12/2001,7,pending
260,855,151,10/2/2012,4,shipped
261,891,299,8/10/2011,2,pending
262,197,316,5/29/2017,10,shipped
263,408,273,7/3/2005,9,pending
264,643,286,12/30/2011,10,shipped
265,381,376,6/12/2020,4,shipped
266,861,346,7/16/2022,4,shipped
267,2,99,12/1/2002,3,delivered
268,968,75,6/3/2013,5,pending
269,685,309,7/28/2007,1,delivered
270,511,259,4/26/2020,3,delivered
271,880,312,10/30/2003,5,delivered
272,986,362,6/5/2024,1,delivered
273,636,80,11/21/2001,9,delivered
274,93,34,2/14/2012,2,delivered
275,6,44,4/23/2017,1,delivered
276,391,327,8/21/2023,3,delivered
277,908,222,10/28/2005,2,pending
278,421,149,1/20/2023,2,delivered
279,567,326,9/24/2005,4,delivered
280,35,310,4/26/2022,8,pending
281,225,104,8/23/2022,7,delivered
282,46,207,2/8/2010,9,shipped
283,908,365,10/17/2010,1,pending
284,815,33,2/20/2011,3,shipped
285,67,318,9/11/2022,3,delivered
286,105,115,7/21/2017,3,pending
287,353,233,5/10/2004,1,shipped
288,201,81,7/27/2012,2,pending
289,570,187,3/26/2022,5,pending
290,819,84,1/8/2009,8,shipped
291,666,123,7/18/2011,4,delivered
292,21,110,8/21/2000,3,delivered
293,379,221,10/10/2018,10,pending
294,496,88,11/11/2018,3,delivered
295,81,148,6/3/2019,3,shipped
296,260,195,11/3/2004,5,pending
297,500,92,9/24/2000,4,delivered
298,194,276,6/29/2021,1,shipped
299,231,11,3/25/2023,1,shipped
300,825,73,1/19/2009,1,shipped
301,713,270,3/11/2011,5,pending
302,36,314,9/16/2002,10,shipped
303,751,178,2/8/2006,6,delivered
304,816,396,11/16/2014,2,delivered
305,437,12,7/22/2022,5,delivered
306,201,274,12/25/2015,6,shipped
307,620,259,9/19/2013,1,pending
308,855,152,8/22/2012,9,shipped
309,218,292,12/21/2004,3,shipped
310,677,369,4/1/2021,2,pending
311,495,217,1/27/2011,2,shipped
312,845,399,7/6/2015,5,shipped
313,331,375,12/18/2022,8,pending
314,359,323,5/27/2008,2,shipped
315,6,39,9/13/2024,6,shipped
316,374,356,6/2/2013,2,delivered
317,530,76,10/12/2004,10,shipped
318,705,149,12/7/2001,9,delivered
319,375,313,8/11/2020,6,pending
320,113,33,10/9/2004,6,delivered
321,934,300,11/30/2009,1,pending
322,266,310,2/26/2008,8,pending
323,2,148,6/27/2019,9,pending
324,930,123,5/29/2011,9,shipped
325,102,259,6/15/2018,6,delivered
326,556,280,12/14/2009,10,shipped
327,279,104,12/9/2021,9,shipped
328,33,209,1/9/2014,6,pending
329,426,267,6/18/2016,10,pending
330,920,345,9/7/2005,10,shipped
331,393,58,7/31/2001,10,pending
332,388,277,9/12/2024,8,shipped
333,851,47,5/14/2000,2,pending
334,102,185,8/5/2024,6,delivered
335,575,28,9/15/2024,2,pending
336,457,172,3/28/2016,6,shipped
337,242,143,2/4/2014,7,shipped
338,863,366,11/22/2010,9,delivered
339,453,26,2/27/2016,6,delivered
340,393,118,1/26/2019,8,shipped
341,831,377,6/22/2021,1,delivered
342,482,359,7/17/2002,6,pending
343,445,279,10/20/2000,6,shipped
344,805,305,10/23/2015,5,shipped
345,748,204,5/21/2017,8,shipped
346,526,323,10/12/2023,1,shipped
347,251,238,4/11/2008,3,pending
348,126,173,11/4/2010,7,pending
349,916,348,4/10/2011,1,delivered
350,176,157,9/12/2020,5,shipped
351,727,180,5/6/2014,1,shipped
352,880,286,8/7/2019,8,pending
353,960,321,3/17/2014,6,pending
354,160,197,12/21/2007,6,delivered
355,51,203,6/2/2003,10,pending
356,208,324,7/9/2024,4,pending
357,990,391,6/8/2015,6,delivered
358,257,15,1/14/2001,3,pending
359,897,323,12/13/2014,3,shipped
360,204,104,10/3/2020,4,pending
361,674,128,6/24/2024,8,delivered
362,116,217,12/6/2020,9,delivered
363,58,379,4/17/2022,4,pending
364,363,179,8/22/2004,9,pending
365,843,290,6/11/2016,4,delivered
366,796,267,11/12/2010,2,delivered
367,674,241,1/3/2019,8,shipped
368,538,75,4/8/2007,7,delivered
369,494,92,10/17/2012,1,pending
370,588,379,4/8/2013,1,pending
371,291,213,10/13/2002,7,pending
372,9,390,5/13/2024,7,shipped
373,977,355,5/1/2010,5,delivered
374,727,216,9/18/2002,4,delivered
375,784,273,11/22/2017,5,pending
376,46,102,4/3/2000,10,pending
377,955,339,7/4/2017,10,shipped
378,446,161,9/10/2012,6,delivered
379,306,249,12/11/2018,9,delivered
380,610,24,2/16/2021,9,shipped
381,133,259,12/27/2014,8,delivered
382,844,133,7/11/2010,10,shipped
383,851,38,12/1/2000,2,delivered
384,516,116,6/4/2021,1,shipped
385,398,209,4/14/2022,8,delivered
386,254,144,1/26/2017,6,pending
387,170,226,6/23/2008,5,pending
388,977,21,12/24/2016,2,delivered
389,564,112,10/7/2002,8,shipped
390,941,76,8/23/2008,2,shipped
391,532,137,1/15/2008,5,delivered
392,890,112,7/5/2012,5,delivered
393,654,332,8/26/2005,7,delivered
394,484,45,12/16/2004,4,delivered
395,365,14,4/22/2009,1,delivered
396,886,12,2/23/2001,5,delivered
397,721,181,8/10/2005,7,delivered
398,812,47,5/7/2018,2,pending
399,825,344,5/2/2001,2,delivered
400,85,325,11/22/2008,9,delivered
401,943,301,3/26/2022,3,pending
402,772,394,8/11/2001,4,shipped
403,601,370,9/10/2015,6,shipped
404,592,338,8/16/2003,7,delivered
405,742,262,7/11/2009,9,pending
406,600,68,11/4/2010,2,delivered
407,146,121,11/3/2001,10,shipped
408,132,156,12/6/2024,1,pending
409,697,392,8/4/2022,1,shipped
410,13,40,4/23/2012,2,delivered
411,353,352,4/17/2014,1,delivered
412,254,133,11/3/2002,8,pending
413,410,377,6/22/2024,7,delivered
414,266,8,9/27/2001,7,pending
415,400,384,2/16/2013,5,pending
416,350,83,12/27/2023,2,shipped
417,782,320,5/26/2001,5,delivered
418,305,69,8/3/2017,2,shipped
419,475,91,1/17/2017,8,delivered
420,622,130,4/30/2017,9,pending
421,493,106,9/18/2011,2,shipped
422,427,251,6/13/2010,7,pending
423,762,3,1/10/2006,7,delivered
424,256,149,12/30/2023,7,shipped
425,728,383,2/22/2001,5,shipped
426,766,186,12/20/2000,5,pending
427,183,75,9/8/2002,3,delivered
428,863,18,9/3/2012,9,pending
429,929,316,9/14/2019,10,shipped
430,355,189,12/8/2002,7,delivered
431,468,97,10/4/2002,8,delivered
432,452,186,6/25/2009,9,pending
433,798,254,3/19/2000,8,pending
434,493,376,10/19/2015,2,delivered
435,727,49,4/11/2021,3,shipped
436,514,77,6/17/2020,6,shipped
437,98,379,2/9/2015,9,shipped
438,791,228,8/20/2003,3,shipped
439,545,174,1/9/2000,5,shipped
440,153,336,6/29/2004,9,delivered
441,485,338,12/26/2012,2,shipped
442,15,290,7/18/2010,1,delivered
443,63,222,1/23/2001,9,delivered
444,150,51,5/25/2005,9,pending
445,224,80,3/19/2003,2,shipped
446,371,94,10/30/2016,7,pending
447,583,56,1/6/2019,2,pending
448,350,37,4/17/2004,1,pending
449,116,113,12/14/2014,5,pending
450,448,343,2/25/2000,4,shipped
451,566,101,9/22/2022,2,delivered
452,343,6,12/12/2003,4,delivered
453,782,354,9/6/2018,3,delivered
454,371,80,1/29/2002,6,shipped
455,714,261,10/12/2014,7,shipped
456,290,379,8/6/2007,7,pending
457,798,106,4/21/2022,6,delivered
458,141,332,4/30/2018,9,shipped
459,778,11,4/28/2021,9,shipped
460,882,286,3/30/2017,10,shipped
461,413,71,7/8/2008,10,shipped
462,693,19,8/18/2000,10,delivered
463,267,81,9/21/2024,9,shipped
464,335,136,6/3/2009,4,pending
465,863,292,5/16/2020,9,pending
466,85,82,8/5/2003,5,delivered
467,553,349,3/22/2008,4,delivered
468,254,388,7/13/2003,9,pending
469,58,67,8/8/2017,5,pending
470,218,169,12/17/2017,7,pending
471,556,108,10/20/2018,2,delivered
472,186,211,2/8/2015,6,delivered
473,108,377,8/5/2015,7,delivered
474,317,252,12/13/2012,10,delivered
475,474,264,11/20/2002,9,shipped
476,225,316,5/21/2010,4,shipped
477,408,70,10/13/2023,4,delivered
478,322,26,7/4/2010,6,pending
479,785,183,11/4/2003,8,shipped
480,136,236,1/12/2019,5,shipped
481,581,357,9/7/2008,6,shipped
482,609,264,7/2/2007,3,pending
483,119,41,12/12/2022,7,shipped
484,344,345,12/8/2007,7,delivered
485,983,304,9/11/2005,8,pending
486,202,90,6/2/2011,8,shipped
487,307,1,4/20/2000,10,shipped
488,254,346,3/27/2022,9,delivered
489,70,140,6/18/2013,8,pending
490,251,379,3/15/2020,6,pending
491,394,391,3/9/2000,6,pending
492,949,41,11/6/2006,9,pending
493,190,352,4/14/2018,4,pending
494,383,228,12/21/2001,4,shipped
495,737,314,7/11/2013,4,delivered
496,881,263,8/24/2018,3,delivered
497,487,299,5/9/2015,5,pending
498,665,101,7/27/2007,9,shipped
499,270,314,5/24/2021,2,shipped
500,60,369,3/26/2009,4,pending
501,902,188,10/29/2006,8,shipped
502,823,103,1/29/2012,3,shipped
503,226,135,8/20/2004,10,pending
504,770,238,4/5/2013,8,delivered
505,847,110,5/7/2020,7,shipped
506,556,354,10/27/2007,7,delivered
507,348,214,1/16/2018,2,pending
508,31,85,12/27/2003,7,shipped
509,374,285,8/17/2024,1,shipped
510,800,186,10/6/2020,7,pending
511,540,174,1/28/2015,6,delivered
512,273,53,5/15/2007,3,pending
513,377,112,2/17/2012,3,pending
514,842,20,12/9/2003,9,pending
515,796,242,12/21/2012,3,delivered
516,693,232,2/14/2020,10,pending
517,705,275,3/23/2017,10,shipped
518,88,255,9/11/2004,6,pending
519,945,45,3/27/2016,5,shipped
520,187,150,4/24/2007,5,pending
521,521,175,10/27/2005,5,delivered
522,214,149,1/18/2007,9,delivered
523,476,80,1/5/2016,7,pending
524,577,111,8/9/2001,3,delivered
525,622,207,7/25/2000,6,pending
526,523,226,1/25/2016,4,shipped
527,441,28,10/16/2000,7,shipped
528,213,290,8/1/2013,8,pending
529,918,148,9/9/2004,4,pending
530,361,147,12/29/2017,2,pending
531,982,32,5/9/2006,2,shipped
532,69,234,5/7/2003,3,shipped
533,925,67,4/14/2000,5,delivered
534,151,367,10/24/2017,10,delivered
535,220,85,1/24/2002,9,delivered
536,279,24,9/14/2023,10,delivered
537,374,50,5/22/2003,2,delivered
538,894,103,8/31/2019,6,pending
539,728,226,12/22/2002,7,pending
540,986,177,7/11/2009,3,pending
541,11,101,7/17/2006,6,shipped
542,468,156,1/2/2002,5,shipped
543,547,130,11/13/2002,7,pending
544,502,33,4/15/2013,9,pending
545,289,121,3/23/2001,7,pending
546,913,291,3/24/2018,9,delivered
547,986,348,5/10/2004,10,shipped
548,731,358,10/16/2008,1,shipped
549,6,38,3/26/2019,10,delivered
550,493,341,12/17/2023,10,delivered
551,287,280,11/3/2004,9,delivered
552,803,82,4/5/2008,7,shipped
553,59,363,11/24/2000,10,delivered
554,75,95,11/5/2011,5,pending
555,161,147,5/20/2019,10,pending
556,400,184,3/5/2017,8,shipped
557,982,335,12/9/2002,2,shipped
558,134,87,7/15/2000,1,pending
559,386,273,9/19/2002,3,shipped
560,387,217,11/17/2008,1,delivered
561,369,175,8/17/2011,5,shipped
562,683,382,11/2/2019,7,pending
563,153,54,8/30/2018,7,delivered
564,779,389,1/14/2002,2,pending
565,375,372,4/17/2003,8,shipped
566,488,78,1/13/2012,4,delivered
567,363,210,12/13/2010,8,delivered
568,347,271,3/20/2015,6,shipped
569,324,219,9/3/2011,6,pending
570,407,70,10/29/2004,9,delivered
571,605,399,9/2/2000,6,pending
572,68,146,6/29/2004,6,shipped
573,384,41,6/4/2000,8,pending
574,207,101,2/24/2005,1,shipped
575,822,238,11/3/2009,6,shipped
576,290,157,11/18/2015,10,pending
577,267,253,1/18/2003,5,delivered
578,141,293,10/2/2017,1,shipped
579,930,111,3/13/2003,2,pending
580,582,344,7/23/2006,10,delivered
581,341,266,8/2/2003,10,delivered
582,70,290,4/4/2017,10,shipped
583,811,42,11/8/2014,7,pending
584,381,210,6/23/2001,8,delivered
585,444,363,7/17/2011,9,pending
586,609,120,4/15/2017,9,pending
587,800,63,10/11/2014,4,shipped
588,148,298,11/18/2003,10,pending
589,443,50,1/23/2013,3,pending
590,14,333,6/15/2012,9,pending
591,296,80,12/19/2006,3,pending
592,353,55,11/15/2017,4,pending
593,160,139,4/24/2005,9,shipped
594,555,110,8/19/2024,9,shipped
595,548,301,12/6/2022,7,shipped
596,425,115,2/19/2007,10,pending
597,156,37,3/2/2024,8,pending
598,745,237,1/7/2007,9,delivered
599,162,290,5/20/2017,8,pending
600,600,210,2/15/2013,2,pending
601,859,399,11/19/2018,3,pending
602,61,159,9/18/2017,9,shipped
603,975,185,12/31/2011,4,shipped
604,903,201,3/23/2011,7,delivered
605,315,71,11/2/2017,1,delivered
606,970,77,1/9/2007,4,pending
607,842,38,3/28/2017,3,pending
608,43,39,5/13/2003,9,pending
609,61,7,11/22/2006,10,delivered
610,76,26,7/7/2016,4,shipped
611,497,250,7/24/2008,5,pending
612,752,130,1/1/2017,8,delivered
613,85,66,9/20/2009,2,delivered
614,198,194,9/17/2008,1,shipped
615,296,29,9/29/2005,3,pending
616,198,189,12/9/2000,3,pending
617,228,136,2/29/2012,7,shipped
618,26,214,9/16/2009,1,shipped
619,631,372,11/3/2009,8,pending
620,924,258,11/7/2003,1,delivered
621,551,243,11/7/2020,9,delivered
622,964,309,9/10/2008,10,shipped
623,289,58,2/17/2015,8,delivered
624,118,193,7/21/2022,4,shipped
625,957,187,1/31/2005,9,pending
626,345,173,4/29/2001,1,pending
627,961,218,5/25/2016,1,shipped
628,212,317,1/28/2011,1,delivered
629,249,123,6/16/2013,4,shipped
630,794,303,6/29/2018,2,shipped
631,463,136,9/16/2003,2,shipped
632,638,237,2/29/2024,3,delivered
633,217,64,8/24/2020,1,delivered
634,699,219,6/17/2011,7,delivered
635,337,234,3/18/2021,8,delivered
636,946,164,9/13/2020,3,pending
637,616,158,1/20/2008,3,delivered
638,19,195,8/30/2006,2,shipped
639,911,133,8/24/2013,3,delivered
640,869,243,11/13/2013,2,pending
641,733,51,12/9/2011,4,delivered
642,148,195,4/30/2023,5,delivered
643,642,362,9/29/2023,5,delivered
644,414,223,1/23/2022,9,pending
645,946,101,10/8/2009,3,shipped
646,996,175,11/12/2011,4,delivered
647,970,51,11/10/2007,8,delivered
648,94,373,12/25/2006,3,shipped
649,824,189,1/25/2018,1,delivered
650,767,29,10/23/2007,2,delivered
651,63,373,8/11/2008,6,pending
652,540,116,12/21/2015,7,pending
653,33,56,1/20/2015,6,shipped
654,154,65,8/30/2024,10,delivered
655,318,204,12/7/2013,1,pending
656,171,104,3/13/2005,9,shipped
657,613,115,8/1/2018,9,pending
658,123,82,10/17/2014,3,pending
659,760,16,12/29/2011,1,pending
660,776,96,8/14/2009,6,pending
661,859,163,11/2/2013,1,pending
662,566,390,7/30/2012,8,delivered
663,447,256,1/9/2001,3,delivered
664,782,237,9/4/2015,5,shipped
665,196,238,12/25/2010,9,pending
666,229,163,3/19/2013,9,delivered
667,603,218,12/14/2021,3,shipped
668,434,262,10/25/2010,3,shipped
669,823,30,8/25/2001,7,pending
670,104,366,4/25/2004,3,shipped
671,686,367,2/7/2015,10,delivered
672,506,6,5/31/2014,8,delivered
673,1000,85,1/8/2018,5,delivered
674,105,33,10/8/2015,5,shipped
675,290,85,1/10/2017,5,pending
676,555,273,2/12/2013,5,pending
677,388,15,8/3/2005,7,shipped
678,854,43,1/7/2012,1,delivered
679,30,286,3/21/2024,7,pending
680,169,8,2/13/2016,5,shipped
681,94,132,6/9/2024,5,shipped
682,67,368,9/29/2021,7,shipped
683,998,150,1/17/2015,1,pending
684,423,156,12/9/2022,2,shipped
685,268,25,2/15/2007,4,pending
686,475,136,8/4/2014,5,shipped
687,416,320,3/31/2017,9,shipped
688,917,226,3/9/2020,3,pending
689,291,366,12/18/2022,8,pending
690,440,85,10/8/2004,8,pending
691,61,125,2/27/2012,7,shipped
692,367,312,2/2/2004,7,pending
693,599,342,8/4/2002,8,delivered
694,49,129,8/17/2003,8,delivered
695,532,14,12/22/2009,6,pending
696,391,207,6/16/2015,1,pending
697,836,132,9/17/2013,6,delivered
698,429,333,1/26/2000,3,delivered
699,805,72,3/8/2007,10,delivered
700,993,44,12/10/2010,3,pending
701,595,54,9/15/2021,9,shipped
702,165,44,8/23/2000,7,delivered
703,104,258,3/17/2012,10,pending
704,327,50,6/14/2018,9,pending
705,472,290,5/28/2003,8,pending
706,66,303,10/3/2023,6,shipped
707,600,243,8/10/2017,6,shipped
708,932,176,4/21/2010,5,shipped
709,339,135,10/25/2015,8,delivered
710,643,158,8/4/2018,1,pending
711,338,9,11/7/2023,10,shipped
712,295,204,3/5/2011,6,delivered
713,743,27,11/17/2004,9,shipped
714,660,263,1/26/2011,3,pending
715,887,19,5/13/2021,5,shipped
716,709,68,7/7/2020,7,shipped
717,993,224,7/22/2008,1,delivered
718,830,234,6/17/2016,9,shipped
719,452,228,8/26/2014,8,shipped
720,162,61,1/19/2012,6,pending
721,714,237,8/2/2016,4,pending
722,760,347,5/10/2005,5,pending
723,71,32,8/18/2019,9,pending
724,671,116,8/20/2009,2,delivered
725,128,201,5/17/2013,3,delivered
726,837,347,4/27/2021,8,shipped
727,687,214,8/26/2004,8,shipped
728,20,22,1/23/2024,5,shipped
729,801,332,12/31/2017,10,pending
730,218,292,1/5/2013,10,shipped
731,77,92,4/2/2000,9,pending
732,735,207,9/15/2013,10,shipped
733,57,260,5/6/2006,6,shipped
734,262,174,5/16/2023,4,delivered
735,553,170,1/24/2005,5,pending
736,711,122,10/21/2024,3,pending
737,463,61,4/8/2007,6,pending
738,26,224,9/9/2013,8,shipped
739,103,260,10/5/2021,6,delivered
740,490,67,1/2/2009,2,shipped
741,297,372,9/30/2009,2,delivered
742,844,123,7/27/2014,8,shipped
743,476,122,10/22/2007,5,shipped
744,898,71,3/30/2003,7,delivered
745,541,123,5/4/2018,5,pending
746,475,161,10/31/2003,6,pending
747,805,123,1/31/2009,2,delivered
748,64,290,10/25/2003,6,delivered
749,753,143,6/10/2022,2,delivered
750,65,101,7/26/2007,10,delivered
751,292,181,11/30/2006,8,shipped
752,627,286,4/8/2005,1,shipped
753,993,318,6/5/2013,10,shipped
754,205,247,9/30/2011,9,shipped
755,808,126,8/3/2005,4,delivered
756,370,311,1/28/2008,9,delivered
757,271,156,11/5/2011,6,delivered
758,402,143,5/14/2024,1,shipped
759,43,297,6/24/2015,5,delivered
760,377,150,10/3/2018,9,pending
761,122,105,5/1/2005,5,shipped
762,125,294,3/21/2020,6,pending
763,480,310,3/4/2008,1,pending
764,78,280,8/15/2004,3,shipped
765,738,143,7/2/2016,3,delivered
766,680,332,6/6/2006,1,pending
767,447,193,4/3/2021,10,pending
768,705,376,10/23/2010,4,pending
769,744,3,4/25/2017,8,shipped
770,729,214,8/15/2004,3,pending
771,644,323,6/8/2021,7,pending
772,462,127,2/28/2001,8,pending
773,477,224,6/2/2010,5,shipped
774,409,210,4/20/2014,10,shipped
775,853,400,12/27/2009,1,delivered
776,511,349,5/30/2005,3,delivered
777,886,328,3/4/2006,6,shipped
778,39,289,9/2/2006,1,pending
779,793,304,5/3/2011,8,delivered
780,754,253,7/10/2020,10,shipped
781,570,262,5/7/2000,3,delivered
782,858,34,3/13/2023,6,pending
783,1000,14,8/21/2002,8,delivered
784,861,288,8/3/2001,2,delivered
785,402,243,5/6/2020,9,shipped
786,160,195,3/10/2008,9,pending
787,682,67,5/8/2000,10,delivered
788,840,14,12/16/2006,3,shipped
789,608,199,5/2/2019,4,pending
790,176,157,2/20/2005,4,pending
791,328,298,1/26/2002,8,shipped
792,88,209,1/23/2006,2,delivered
793,363,380,7/22/2014,8,pending
794,788,33,8/11/2010,9,pending
795,561,201,3/5/2024,1,shipped
796,502,298,10/22/2002,5,pending
797,289,388,11/4/2023,7,shipped
798,147,344,12/15/2010,8,pending
799,60,245,9/4/2021,3,shipped
800,202,382,3/4/2024,9,pending
801,262,1,6/9/2008,6,delivered
802,317,87,3/21/2015,8,delivered
803,623,145,3/8/2004,6,pending
804,589,75,8/30/2023,1,pending
805,651,49,8/2/2017,9,delivered
806,827,392,6/30/2000,7,pending
807,938,69,1/2/2023,3,shipped
808,817,400,1/12/2015,7,delivered
809,483,182,7/9/2021,6,shipped
810,422,242,4/28/2006,8,pending
811,258,199,3/5/2012,9,pending
812,789,122,10/15/2017,2,delivered
813,135,131,4/5/2007,6,shipped
814,400,397,9/16/2019,4,pending
815,504,69,2/24/2002,1,pending
816,388,384,10/18/2017,1,shipped
817,209,331,2/17/2012,3,shipped
818,677,48,4/7/2013,7,shipped
819,316,111,9/10/2015,7,pending
820,879,165,7/3/2008,3,shipped
821,810,267,2/16/2006,3,shipped
822,295,75,11/2/2002,8,delivered
823,50,388,2/7/2016,8,delivered
824,392,201,4/23/2009,4,shipped
825,549,56,11/21/2022,2,pending
826,526,199,9/22/2018,9,delivered
827,711,99,4/2/2002,2,pending
828,211,93,4/3/2001,1,shipped
829,490,311,3/8/2005,3,pending
830,989,50,3/30/2016,9,shipped
831,584,280,7/27/2018,9,delivered
832,797,313,9/1/2012,1,pending
833,781,200,5/6/2012,5,shipped
834,858,265,10/7/2020,10,delivered
835,782,400,5/11/2005,10,pending
836,881,5,5/26/2020,9,pending
837,846,247,10/3/2014,1,shipped
838,324,21,5/15/2001,9,delivered
839,118,72,2/11/2001,9,pending
840,301,150,3/6/2008,9,shipped
841,263,33,4/5/2009,6,shipped
842,955,334,4/17/2020,4,pending
843,495,42,9/25/2000,6,shipped
844,759,365,10/5/2017,8,delivered
845,357,7,3/18/2008,8,pending
846,296,12,11/26/2013,8,pending
847,551,126,6/9/2019,3,pending
848,399,246,1/20/2024,4,pending
849,586,97,1/19/2014,9,pending
850,654,274,7/15/2020,7,delivered
851,728,76,8/26/2013,3,shipped
852,454,280,5/21/2002,10,delivered
853,758,147,7/24/2004,10,delivered
854,826,109,5/4/2010,8,shipped
855,41,279,10/27/2010,6,delivered
856,643,174,12/26/2017,3,shipped
857,287,116,1/13/2020,10,shipped
858,368,171,1/20/2010,2,shipped
859,311,395,1/19/2019,2,delivered
860,787,276,8/12/2009,5,pending
861,66,316,12/25/2004,1,delivered
862,959,155,9/16/2007,9,shipped
863,138,151,5/1/2002,5,pending
864,859,290,1/6/2012,5,pending
865,488,213,3/18/2010,4,delivered
866,846,146,1/8/2000,7,shipped
867,174,223,1/29/2019,8,pending
868,107,318,8/18/2004,10,pending
869,694,57,7/2/2021,10,pending
870,386,220,3/3/2018,1,shipped
871,603,156,9/18/2023,2,delivered
872,955,308,6/24/2020,5,delivered
873,908,53,6/20/2007,6,delivered
874,429,361,4/28/2001,10,shipped
875,180,304,8/29/2022,8,delivered
876,520,95,2/5/2005,2,delivered
877,353,327,10/12/2014,1,shipped
878,94,78,8/26/2015,7,pending
879,552,339,9/25/2001,5,pending
880,401,111,10/16/2014,7,pending
881,102,83,6/7/2021,2,pending
882,873,345,9/9/2009,4,shipped
883,238,312,10/13/2003,9,pending
884,25,351,1/15/2010,5,delivered
885,879,344,11/9/2014,7,delivered
886,876,10,9/16/2023,4,shipped
887,896,22,1/25/2021,6,pending
888,40,239,1/6/2010,9,delivered
889,400,353,9/9/2010,9,shipped
890,613,201,6/6/2001,1,pending
891,753,101,4/29/2023,2,delivered
892,24,393,1/14/2002,4,delivered
893,136,253,12/3/2003,8,pending
894,646,187,12/21/2001,2,shipped
895,936,93,8/27/2008,10,pending
896,386,133,4/25/2023,6,shipped
897,80,171,4/9/2022,10,delivered
898,903,3,8/13/2017,1,delivered
899,160,321,2/1/2008,7,delivered
900,179,362,2/3/2020,10,shipped
901,476,130,1/2/2017,10,pending
902,969,338,11/14/2008,8,pending
903,961,208,6/30/2000,1,delivered
904,707,222,10/16/2006,8,delivered
905,769,186,8/10/2017,5,pending
906,734,78,2/15/2013,10,pending
907,614,134,3/30/2012,7,pending
908,599,69,9/16/2007,7,shipped
909,255,82,4/6/2019,6,shipped
910,552,51,3/12/2018,10,delivered
911,349,29,9/10/2005,6,shipped
912,99,179,8/17/2021,1,shipped
913,458,118,8/2/2017,6,pending
914,488,110,3/18/2016,6,shipped
915,867,216,7/20/2008,6,delivered
916,852,304,8/1/2004,9,pending
917,216,86,7/26/2008,8,delivered
918,522,208,8/21/2001,5,pending
919,484,236,6/15/2010,1,pending
920,821,369,6/5/2000,5,pending
921,657,34,5/6/2002,6,pending
922,474,24,8/25/2015,2,delivered
923,584,301,10/13/2024,5,pending
924,218,41,8/17/2002,4,shipped
925,41,69,5/9/2003,5,pending
926,805,197,11/3/2004,10,pending
927,48,34,7/27/2010,5,pending
928,876,311,12/19/2019,1,shipped
929,540,15,10/19/2018,2,pending
930,77,371,2/25/2014,1,delivered
931,374,393,6/26/2001,5,pending
932,458,54,5/3/2003,2,shipped
933,662,244,9/8/2016,5,shipped
934,270,336,8/13/2011,1,delivered
935,563,312,10/7/2007,4,pending
936,957,273,9/24/2003,3,shipped
937,873,236,3/7/2018,1,shipped
938,191,114,12/25/2024,5,shipped
939,463,218,11/21/2021,2,shipped
940,827,136,12/27/2024,10,delivered
941,542,284,7/29/2008,1,shipped
942,377,261,5/8/2011,2,shipped
943,823,345,4/1/2001,2,shipped
944,448,342,5/3/2003,6,shipped
945,417,309,4/28/2009,7,shipped
946,78,323,2/12/2018,10,pending
947,689,303,9/19/2024,4,shipped
948,576,47,10/30/2024,2,delivered
949,70,15,9/6/2020,4,delivered
950,256,165,6/10/2004,6,delivered
951,214,74,10/3/2002,1,delivered
952,55,127,5/11/2010,10,delivered
953,746,367,3/22/2003,9,delivered
954,758,150,6/22/2012,5,delivered
955,77,288,1/8/2010,10,shipped
956,705,118,10/5/2021,5,delivered
957,82,155,6/26/2018,2,shipped
958,73,362,12/24/2002,3,shipped
959,397,112,10/22/2004,3,pending
960,616,202,2/25/2001,10,delivered
961,163,6,8/10/2020,10,shipped
962,867,341,6/27/2001,1,pending
963,880,386,2/14/2002,5,shipped
964,998,152,10/8/2003,5,shipped
965,228,395,1/17/2018,10,shipped
966,995,394,7/13/2024,9,pending
967,916,84,10/29/2009,8,shipped
968,430,25,10/28/2015,1,delivered
969,39,164,2/19/2010,10,delivered
970,628,161,7/3/2008,9,pending
971,600,269,9/13/2003,7,pending
972,85,56,3/10/2023,2,pending
973,472,383,9/22/2001,3,delivered
974,810,178,5/16/2019,2,pending
975,213,66,3/21/2021,5,pending
976,759,354,5/24/2007,1,pending
977,219,299,2/26/2001,4,shipped
978,955,272,3/3/2014,7,delivered
979,928,152,12/28/2011,10,shipped
980,508,279,3/8/2016,8,shipped
981,778,286,5/1/2011,1,pending
982,502,288,5/5/2000,8,pending
983,199,196,11/25/2010,10,delivered
984,855,382,7/21/2006,5,shipped
985,629,26,4/25/2001,1,pending
986,861,283,9/16/2004,9,pending
987,95,168,8/5/2005,9,pending
988,448,162,4/10/2016,10,shipped
989,708,180,3/22/2017,9,shipped
990,834,211,4/26/2000,3,shipped
991,472,377,9/10/2012,5,shipped
992,853,204,1/14/2023,6,pending
993,479,2,6/15/2004,2,delivered
994,701,373,2/20/2019,6,shipped
995,96,71,6/10/2003,7,delivered
996,712,354,5/13/2003,3,delivered
997,526,380,5/29/2017,1,pending
998,910,68,6/30/2005,7,shipped
999,125,228,8/9/2021,1,shipped
1000,9,303,9/18/2017,8,delivered
1001,578,39,7/23/2000,8,shipped
1002,627,352,7/6/2002,4,delivered
1003,666,185,8/23/2011,8,shipped
1004,352,247,1/7/2018,5,pending
1005,7,171,12/3/2022,5,delivered
1006,859,65,9/19/2008,3,shipped
1007,777,132,7/3/2010,9,pending
1008,935,100,11/14/2018,3,pending
1009,665,107,7/31/2008,4,pending
1010,67,95,11/25/2001,8,delivered
1011,317,83,4/20/2016,7,shipped
1012,419,101,8/14/2003,5,shipped
1013,660,340,7/23/2002,8,pending
1014,483,94,3/26/2013,9,shipped
1015,115,67,9/21/2021,7,delivered
1016,311,303,3/9/2021,10,delivered
1017,353,326,3/14/2010,2,delivered
1018,330,85,2/16/2006,10,pending
1019,8,64,7/29/2003,7,delivered
1020,201,302,12/14/2010,9,delivered
1021,825,382,1/22/2024,1,shipped
1022,275,63,8/23/2015,10,pending
1023,985,117,7/1/2003,6,pending
1024,656,133,2/9/2020,6,delivered
1025,120,136,5/1/2011,6,pending
1026,814,326,8/10/2013,2,pending
1027,233,313,5/18/2012,4,shipped
1028,46,13,11/21/2004,10,shipped
1029,814,43,11/29/2006,4,delivered
1030,64,24,5/2/2014,8,pending
1031,720,292,10/10/2018,8,delivered
1032,592,107,5/13/2014,4,delivered
1033,226,101,3/27/2023,5,shipped
1034,673,179,12/12/2002,5,shipped
1035,679,22,11/13/2005,4,delivered
1036,622,293,10/24/2009,7,delivered
1037,563,377,5/23/2013,3,pending
1038,607,169,9/1/2016,3,pending
1039,825,159,10/26/2021,6,pending
1040,553,235,2/1/2004,9,delivered
1041,438,76,7/21/2008,3,pending
1042,499,338,6/26/2022,5,delivered
1043,904,82,4/11/2024,4,pending
1044,964,288,10/15/2017,4,pending
1045,639,347,6/8/2021,3,pending
1046,406,73,3/1/2020,2,delivered
1047,703,199,8/12/2009,2,shipped
1048,302,368,8/9/2017,5,pending
1049,555,286,1/17/2014,7,shipped
1050,629,202,7/14/2018,2,shipped
1051,704,263,4/3/2008,1,shipped
1052,749,306,7/21/2005,7,delivered
1053,431,93,6/10/2022,3,shipped
1054,485,383,7/26/2023,10,pending
1055,359,63,2/1/2021,5,pending
1056,307,260,6/20/2001,4,shipped
1057,518,176,5/18/2005,9,delivered
1058,417,377,1/22/2010,5,pending
1059,317,210,4/14/2002,10,pending
1060,8,357,6/6/2013,5,shipped
1061,793,372,5/30/2004,5,delivered
1062,720,388,12/29/2020,6,delivered
1063,935,314,9/29/2022,5,shipped
1064,622,164,2/25/2007,6,pending
1065,976,91,5/9/2005,6,delivered
1066,659,270,1/13/2001,1,shipped
1067,391,200,6/17/2004,7,shipped
1068,768,230,7/15/2016,1,shipped
1069,461,206,1/27/2018,6,pending
1070,303,383,9/10/2013,7,pending
1071,568,179,1/17/2021,5,shipped
1072,505,263,12/3/2022,2,delivered
1073,219,101,7/26/2005,6,shipped
1074,468,154,11/10/2013,6,shipped
1075,279,185,3/29/2022,6,delivered
1076,691,13,2/23/2004,9,shipped
1077,867,397,11/11/2010,3,pending
1078,92,70,9/20/2003,2,shipped
1079,243,101,4/29/2018,2,shipped
1080,775,333,12/27/2017,9,shipped
1081,359,287,8/4/2004,8,shipped
1082,778,16,10/25/2001,3,shipped
1083,994,146,6/10/2013,2,shipped
1084,527,333,2/26/2002,3,pending
1085,29,207,11/18/2022,4,pending
1086,118,62,4/30/2016,4,delivered
1087,626,233,11/3/2002,2,delivered
1088,244,160,4/6/2022,4,shipped
1089,809,222,6/1/2003,4,delivered
1090,413,37,6/24/2007,8,shipped
1091,128,114,11/22/2010,5,delivered
1092,206,13,4/26/2009,6,delivered
1093,36,170,5/19/2023,8,delivered
1094,380,396,6/11/2005,2,shipped
1095,255,271,3/11/2003,9,shipped
1096,565,368,10/13/2024,9,shipped
1097,356,156,5/5/2005,9,shipped
1098,286,75,11/10/2022,2,pending
1099,819,273,3/10/2002,7,shipped
1100,849,258,1/16/2023,8,pending
1101,943,89,5/25/2008,10,delivered
1102,39,346,10/24/2018,1,pending
1103,456,179,1/16/2004,9,shipped
1104,283,193,9/26/2020,8,pending
1105,806,373,1/29/2006,1,pending
1106,453,83,3/18/2011,2,shipped
1107,558,87,10/26/2023,6,delivered
1108,126,326,4/19/2007,10,pending
1109,838,143,3/1/2002,7,shipped
1110,949,107,11/7/2014,3,delivered
1111,356,270,8/31/2001,6,pending
1112,245,116,10/8/2018,6,pending
1113,550,366,3/12/2005,9,pending
1114,384,115,12/25/2000,10,delivered
1115,774,368,3/20/2022,9,pending
1116,187,229,7/24/2007,7,pending
1117,521,316,4/24/2024,8,pending
1118,978,184,12/17/2023,4,delivered
1119,110,38,6/28/2003,6,shipped
1120,793,312,6/14/2002,1,delivered
1121,376,39,7/27/2015,1,shipped
1122,666,153,2/5/2011,6,pending
1123,841,58,8/6/2012,2,shipped
1124,186,79,3/13/2001,10,pending
1125,798,339,5/20/2003,6,shipped
1126,712,179,2/4/2020,10,pending
1127,501,296,6/13/2022,10,pending
1128,532,323,1/20/2002,4,pending
1129,768,45,8/5/2000,4,delivered
1130,211,188,9/17/2012,2,delivered
1131,32,381,11/5/2003,8,pending
1132,194,303,12/7/2015,1,pending
1133,220,231,1/15/2010,4,delivered
1134,151,86,7/10/2009,8,shipped
1135,113,270,8/10/2001,3,shipped
1136,841,352,1/3/2022,1,shipped
1137,300,292,3/28/2023,1,shipped
1138,447,302,6/16/2000,6,pending
1139,132,364,7/25/2002,3,pending
1140,836,191,1/6/2003,8,delivered
1141,556,170,11/20/2015,10,pending
1142,597,72,7/29/2003,10,delivered
1143,72,256,10/11/2021,4,pending
1144,86,336,1/10/2013,10,delivered
1145,73,6,5/12/2009,3,shipped
1146,163,166,4/24/2019,3,shipped
1147,262,318,7/10/2020,3,delivered
1148,838,233,2/20/2001,3,shipped
1149,678,16,5/17/2023,9,delivered
1150,796,80,4/20/2010,4,delivered
1151,222,323,11/6/2006,2,delivered
1152,728,279,9/1/2017,1,shipped
1153,947,141,5/30/2022,5,pending
1154,855,85,7/11/2012,7,pending
1155,666,18,9/10/2019,10,delivered
1156,291,43,10/12/2016,1,delivered
1157,382,45,3/26/2005,9,delivered
1158,106,60,9/14/2022,8,pending
1159,393,371,3/21/2002,3,shipped
1160,131,315,4/5/2011,3,delivered
1161,259,13,4/2/2007,1,pending
1162,607,72,8/8/2007,7,delivered
1163,849,398,4/8/2000,5,shipped
1164,988,273,12/28/2009,3,pending
1165,750,122,6/22/2005,3,pending
1166,218,84,5/24/2010,1,shipped
1167,893,400,11/1/2018,8,delivered
1168,68,174,10/7/2000,4,pending
1169,624,295,2/10/2010,10,shipped
1170,156,60,2/4/2005,7,pending
1171,212,246,5/27/2014,4,pending
1172,722,18,1/29/2001,7,pending
1173,666,143,4/1/2004,10,delivered
1174,641,244,9/20/2015,4,pending
1175,510,362,10/11/2013,10,shipped
1176,19,348,6/17/2009,8,pending
1177,865,181,11/22/2012,4,pending
1178,528,302,3/7/2008,9,shipped
1179,670,210,3/6/2017,3,delivered
1180,252,141,4/30/2018,9,pending
1181,629,148,5/12/2003,3,pending
1182,649,135,12/28/2017,1,pending
1183,589,187,1/17/2010,9,delivered
1184,731,116,9/6/2013,2,pending
1185,422,257,6/9/2005,3,delivered
1186,92,51,5/13/2020,9,shipped
1187,291,312,5/28/2010,7,shipped
1188,172,78,3/18/2007,9,shipped
1189,92,7,5/21/2004,2,delivered
1190,895,369,9/20/2000,3,shipped
1191,445,110,1/7/2002,1,shipped
1192,242,146,7/3/2008,9,pending
1193,462,244,12/22/2006,5,shipped
1194,821,287,11/22/2021,10,shipped
1195,319,224,1/3/2016,10,pending
1196,631,69,1/29/2013,3,shipped
1197,166,298,12/19/2023,8,shipped
1198,336,382,1/16/2001,5,delivered
1199,949,117,5/5/2017,3,pending
1200,438,95,6/17/2018,1,pending
1201,988,83,11/7/2001,3,delivered
1202,234,273,2/25/2019,8,pending
1203,454,143,12/31/2013,5,delivered
1204,564,387,7/24/2007,10,shipped
1205,435,332,9/24/2021,6,pending
1206,781,252,8/6/2016,7,pending
1207,744,117,3/30/2018,6,shipped
1208,301,144,9/16/2000,1,delivered
1209,321,352,4/5/2014,10,shipped
1210,756,225,4/7/2008,3,pending
1211,462,243,6/9/2011,6,pending
1212,607,350,3/16/2011,9,shipped
1213,752,29,9/11/2007,2,shipped
1214,855,236,9/4/2006,3,pending
1215,654,282,4/1/2020,4,delivered
1216,414,187,8/18/2017,1,shipped
1217,377,265,10/29/2004,5,shipped
1218,876,70,3/18/2022,3,delivered
1219,612,289,2/18/2004,5,pending
1220,209,41,5/30/2012,6,delivered
1221,17,25,11/9/2004,10,shipped
1222,933,353,8/3/2007,2,delivered
1223,665,359,1/18/2010,5,pending
1224,965,327,6/10/2011,2,delivered
1225,65,171,2/11/2018,4,delivered
1226,504,115,1/18/2019,6,shipped
1227,581,173,7/9/2009,4,delivered
1228,556,333,1/18/2004,3,shipped
1229,950,47,10/9/2014,5,pending
1230,497,190,7/21/2019,9,pending
1231,476,130,1/23/2011,9,pending
1232,527,114,4/8/2018,8,pending
1233,747,245,5/22/2012,1,pending
1234,353,6,12/18/2004,6,shipped
1235,589,340,2/27/2009,3,shipped
1236,1,50,10/10/2005,1,shipped
1237,793,233,5/13/2011,6,delivered
1238,937,1,11/10/2022,6,delivered
1239,670,153,6/29/2002,1,pending
1240,41,259,5/8/2022,1,shipped
1241,740,325,9/21/2007,9,shipped
1242,461,166,3/24/2022,7,shipped
1243,814,297,4/13/2002,3,delivered
1244,828,92,6/26/2020,10,shipped
1245,104,101,8/18/2024,2,shipped
1246,367,123,7/29/2009,1,shipped
1247,744,105,4/23/2000,1,pending
1248,366,236,5/25/2008,3,shipped
1249,389,174,7/15/2006,9,shipped
1250,148,27,7/1/2010,10,delivered
1251,499,276,8/19/2021,8,delivered
1252,678,319,12/11/2010,6,pending
1253,40,70,5/25/2002,4,shipped
1254,962,174,1/21/2002,9,shipped
1255,99,226,3/15/2012,3,delivered
1256,977,10,9/24/2024,10,pending
1257,430,199,10/11/2014,4,delivered
1258,562,36,1/14/2012,8,delivered
1259,371,256,7/27/2015,6,pending
1260,627,57,7/26/2012,6,shipped
1261,399,96,8/22/2001,10,shipped
1262,772,394,2/2/2013,5,shipped
1263,971,391,6/11/2002,10,pending
1264,855,311,1/27/2003,1,delivered
1265,313,76,10/30/2009,7,delivered
1266,21,349,3/5/2021,10,delivered
1267,651,121,1/16/2014,5,shipped
1268,761,292,4/13/2024,1,shipped
1269,493,400,11/5/2010,3,delivered
1270,84,93,6/30/2008,8,shipped
1271,994,46,10/16/2020,4,pending
1272,388,152,5/6/2017,8,pending
1273,981,34,5/10/2017,3,delivered
1274,657,109,4/28/2017,10,shipped
1275,943,191,9/28/2010,6,shipped
1276,794,278,7/12/2013,4,pending
1277,872,259,5/2/2000,2,pending
1278,460,386,4/3/2011,1,delivered
1279,199,187,3/12/2011,7,pending
1280,793,103,12/11/2007,1,delivered
1281,143,317,6/13/2000,1,shipped
1282,526,212,10/1/2012,3,pending
1283,226,396,7/14/2016,5,shipped
1284,162,289,3/5/2003,5,pending
1285,20,147,3/11/2009,1,shipped
1286,860,360,1/26/2004,1,shipped
1287,642,278,9/13/2003,8,shipped
1288,88,235,3/13/2016,4,pending
1289,812,333,9/1/2005,10,pending
1290,235,150,6/14/2002,6,shipped
1291,493,208,10/8/2008,4,delivered
1292,980,21,5/22/2000,10,delivered
1293,516,384,2/12/2003,7,delivered
1294,622,222,7/4/2003,7,delivered
1295,237,386,3/13/2011,4,pending
1296,334,362,12/4/2017,2,delivered
1297,377,12,11/4/2023,8,pending
1298,330,378,1/24/2011,8,shipped
1299,639,293,12/24/2023,2,pending
1300,545,77,6/6/2012,2,pending
1301,525,393,2/23/2024,10,delivered
1302,839,124,8/3/2021,2,delivered
1303,95,391,7/11/2017,9,pending
1304,754,123,8/3/2019,3,delivered
1305,663,280,1/11/2003,8,pending
1306,541,366,10/24/2023,3,delivered
1307,170,70,2/5/2004,1,shipped
1308,192,296,1/16/2007,5,pending
1309,372,239,8/15/2003,8,delivered
1310,923,374,1/3/2024,1,pending
1311,875,383,7/20/2022,2,shipped
1312,849,337,9/26/2009,9,pending
1313,343,87,6/2/2010,3,pending
1314,706,24,9/8/2002,6,pending
1315,945,259,3/31/2010,10,pending
1316,430,233,11/10/2008,8,delivered
1317,303,257,11/18/2024,2,pending
1318,643,329,7/1/2023,4,shipped
1319,234,399,12/4/2000,4,delivered
1320,75,6,5/8/2021,1,delivered
1321,421,317,11/1/2016,2,delivered
1322,360,70,8/15/2007,3,shipped
1323,622,376,1/10/2015,10,pending
1324,622,170,5/27/2008,4,shipped
1325,364,335,8/3/2019,9,pending
1326,152,393,12/21/2000,6,shipped
1327,187,75,3/7/2014,10,shipped
1328,25,248,4/6/2007,4,pending
1329,484,330,4/2/2002,8,delivered
1330,128,159,6/21/2012,1,delivered
1331,596,107,3/25/2020,6,delivered
1332,290,266,10/15/2017,9,delivered
1333,514,109,2/20/2012,3,shipped
1334,57,209,11/25/2001,7,pending
1335,698,145,7/28/2001,3,pending
1336,219,274,12/9/2018,1,pending
1337,347,28,12/13/2015,9,shipped
1338,569,357,10/31/2003,10,pending
1339,302,187,2/19/2011,4,pending
1340,987,124,12/17/2017,5,pending
1341,335,175,5/18/2018,6,delivered
1342,717,272,6/4/2013,1,delivered
1343,659,367,5/1/2024,6,delivered
1344,133,103,6/15/2009,8,delivered
1345,734,44,6/24/2009,7,shipped
1346,893,294,1/6/2015,5,pending
1347,679,334,11/11/2016,10,delivered
1348,812,241,5/1/2012,1,shipped
1349,657,170,12/20/2013,1,pending
1350,741,396,11/4/2005,6,delivered
1351,959,200,6/29/2019,4,delivered
1352,941,391,10/14/2022,10,delivered
1353,984,224,12/12/2005,7,shipped
1354,322,306,6/27/2017,2,shipped
1355,816,165,4/23/2001,3,pending
1356,759,65,4/9/2016,8,delivered
1357,292,333,10/10/2000,10,delivered
1358,379,11,4/30/2013,10,delivered
1359,481,114,5/29/2008,7,delivered
1360,989,120,2/12/2020,8,delivered
1361,161,40,7/11/2001,10,shipped
1362,484,358,1/28/2017,1,shipped
1363,359,146,5/10/2006,5,shipped
1364,413,391,3/7/2009,5,delivered
1365,443,373,12/26/2022,5,pending
1366,358,172,12/8/2002,1,delivered
1367,528,393,6/9/2020,2,shipped
1368,831,67,9/25/2021,2,shipped
1369,837,247,11/2/2020,1,pending
1370,537,244,10/12/2023,2,delivered
1371,12,229,2/4/2003,10,pending
1372,386,285,2/14/2010,8,shipped
1373,392,89,7/21/2016,1,delivered
1374,805,372,5/12/2001,3,delivered
1375,952,245,10/11/2024,8,pending
1376,541,375,9/28/2007,7,shipped
1377,623,70,4/14/2006,6,pending
1378,621,69,8/20/2005,9,shipped
1379,336,68,1/15/2010,2,delivered
1380,409,128,11/19/2002,4,shipped
1381,349,52,3/9/2024,10,delivered
1382,282,188,11/19/2000,4,delivered
1383,607,8,1/12/2017,4,pending
1384,468,293,6/13/2018,7,shipped
1385,915,24,3/24/2016,9,shipped
1386,587,336,1/6/2006,9,pending
1387,379,274,2/18/2004,7,delivered
1388,533,274,3/27/2011,7,shipped
1389,299,185,8/19/2023,5,delivered
1390,814,85,5/27/2006,4,pending
1391,325,245,3/10/2006,7,shipped
1392,895,5,4/6/2003,2,delivered
1393,971,163,6/20/2018,10,pending
1394,273,336,6/28/2012,2,pending
1395,61,198,6/30/2013,6,shipped
1396,823,104,5/8/2023,5,pending
1397,918,187,6/21/2014,5,delivered
1398,829,117,6/2/2012,7,delivered
1399,179,21,11/5/2000,1,pending
1400,110,184,5/17/2007,10,pending
1401,5,191,1/14/2001,2,delivered
1402,977,324,10/7/2006,8,pending
1403,144,177,4/5/2008,8,delivered
1404,626,207,7/26/2012,6,shipped
1405,767,138,2/23/2006,2,shipped
1406,627,65,7/26/2007,6,pending
1407,562,31,11/29/2020,1,delivered
1408,747,335,7/12/2012,4,shipped
1409,435,62,10/31/2023,8,delivered
1410,988,309,3/7/2013,10,pending
1411,699,189,8/30/2019,7,pending
1412,872,37,9/30/2000,9,pending
1413,295,347,12/5/2002,3,pending
1414,125,131,12/1/2017,1,shipped
1415,975,363,12/2/2006,1,pending
1416,333,226,8/23/2016,8,pending
1417,533,260,6/24/2011,6,delivered
1418,258,292,11/23/2020,7,pending
1419,312,224,5/20/2012,1,shipped
1420,251,157,8/7/2017,4,delivered
1421,9,62,4/5/2002,9,shipped
1422,361,279,7/30/2005,8,shipped
1423,651,300,8/21/2015,8,shipped
1424,969,91,2/16/2019,6,delivered
1425,885,382,4/3/2005,6,pending
1426,84,146,9/24/2016,7,shipped
1427,953,92,4/12/2006,4,pending
1428,924,399,7/15/2021,3,delivered
1429,352,389,2/6/2007,4,pending
1430,37,48,2/18/2021,9,shipped
1431,462,314,2/2/2016,10,pending
1432,221,220,12/8/2006,7,shipped
1433,104,200,6/21/2003,3,delivered
1434,165,167,7/6/2008,5,delivered
1435,106,10,7/14/2010,6,shipped
1436,417,249,11/21/2022,9,delivered
1437,189,332,12/29/2003,8,pending
1438,756,37,12/11/2023,1,pending
1439,67,163,8/3/2011,2,pending
1440,785,306,3/10/2012,2,shipped
1441,385,8,7/24/2013,10,pending
1442,508,122,8/25/2024,8,delivered
1443,731,12,9/3/2003,9,pending
1444,562,368,10/20/2024,1,shipped
1445,549,226,5/23/2008,6,shipped
1446,149,223,1/12/2015,6,shipped
1447,621,309,5/7/2018,10,delivered
1448,763,198,5/27/2001,9,delivered
1449,341,83,4/26/2024,7,pending
1450,252,239,9/10/2005,5,pending
1451,145,149,4/13/2011,7,delivered
1452,889,254,5/12/2021,1,delivered
1453,885,5,7/13/2015,3,delivered
1454,532,382,7/7/2004,3,shipped
1455,408,330,11/7/2018,6,pending
1456,725,49,1/8/2008,3,shipped
1457,777,346,8/27/2007,5,delivered
1458,217,237,8/13/2002,5,pending
1459,389,115,10/23/2003,8,pending
1460,354,123,8/20/2006,5,delivered
1461,583,316,8/21/2008,7,pending
1462,760,243,1/29/2017,8,shipped
1463,331,96,8/24/2013,9,pending
1464,150,114,8/17/2015,7,pending
1465,486,215,12/2/2008,4,delivered
1466,620,69,9/8/2017,2,shipped
1467,119,237,2/28/2020,3,shipped
1468,838,37,2/12/2002,1,pending
1469,280,396,8/2/2015,4,delivered
1470,893,74,10/2/2024,4,shipped
1471,288,227,7/13/2006,7,shipped
1472,909,372,7/1/2016,3,pending
1473,973,190,4/11/2009,5,shipped
1474,167,353,11/6/2016,10,pending
1475,388,336,6/29/2004,3,delivered
1476,319,50,1/23/2009,10,delivered
1477,24,290,11/30/2000,4,shipped
1478,407,260,9/9/2024,1,pending
1479,63,79,12/16/2005,6,pending
1480,142,351,10/6/2012,8,shipped
1481,675,67,10/30/2002,4,delivered
1482,141,197,10/29/2013,7,pending
1483,828,41,4/2/2014,7,shipped
1484,461,360,7/21/2006,2,shipped
1485,283,336,9/19/2019,6,shipped
1486,338,299,5/9/2006,3,delivered
1487,193,180,10/28/2002,1,delivered
1488,56,61,8/30/2019,10,pending
1489,656,10,3/6/2006,9,delivered
1490,540,392,7/30/2007,4,delivered
1491,553,69,6/1/2024,7,pending
1492,861,394,8/28/2001,3,delivered
1493,496,353,11/20/2023,8,shipped
1494,973,218,11/4/2022,4,shipped
1495,651,191,3/6/2024,6,pending
1496,176,275,9/23/2009,3,pending
1497,832,280,3/8/2005,5,shipped
1498,440,167,8/18/2009,7,pending
1499,545,230,11/9/2022,7,shipped
1500,33,339,7/18/2008,7,delivered
1501,203,125,8/5/2003,3,pending
1502,439,65,3/2/2013,9,shipped
1503,933,300,2/17/2001,10,delivered
1504,723,101,10/11/2022,1,pending
1505,565,319,8/15/2011,4,delivered
1506,925,215,5/28/2019,4,pending
1507,515,55,3/24/2005,5,shipped
1508,371,130,11/17/2006,10,shipped
1509,410,44,10/29/2021,4,pending
1510,729,97,10/17/2003,10,shipped
1511,232,343,3/26/2022,3,shipped
1512,447,149,2/5/2004,2,delivered
1513,234,303,12/6/2003,9,delivered
1514,923,156,2/21/2004,2,delivered
1515,453,88,9/30/2020,10,delivered
1516,831,233,3/30/2013,7,shipped
1517,748,355,11/18/2019,6,pending
1518,911,227,6/13/2010,8,pending
1519,310,150,1/19/2004,6,delivered
1520,285,364,2/25/2022,6,shipped
1521,249,12,2/20/2014,3,shipped
1522,647,96,2/6/2021,2,delivered
1523,113,145,4/16/2007,5,shipped
1524,518,124,12/18/2002,8,shipped
1525,489,377,12/18/2015,4,pending
1526,562,17,7/19/2018,7,delivered
1527,777,239,12/2/2011,4,shipped
1528,71,194,11/1/2020,5,shipped
1529,748,379,8/29/2018,7,delivered
1530,153,173,1/29/2024,7,pending
1531,133,322,8/17/2019,7,pending
1532,169,335,6/13/2023,10,delivered
1533,446,333,4/23/2015,6,shipped
1534,898,352,9/19/2008,5,delivered
1535,948,75,1/9/2008,3,pending
1536,120,91,3/21/2020,6,pending
1537,245,120,5/29/2024,7,delivered
1538,180,360,5/25/2005,9,shipped
1539,270,65,5/16/2007,5,shipped
1540,695,25,8/31/2000,10,shipped
1541,499,248,11/11/2010,2,shipped
1542,922,273,3/23/2012,2,shipped
1543,394,79,9/16/2002,8,delivered
1544,928,90,5/18/2024,7,delivered
1545,325,142,1/21/2000,3,shipped
1546,646,38,3/12/2009,4,shipped
1547,921,320,8/31/2014,8,delivered
1548,619,270,7/8/2002,2,pending
1549,171,153,8/8/2020,4,delivered
1550,223,397,4/10/2016,2,shipped
1551,642,96,7/9/2012,2,shipped
1552,912,94,11/10/2000,4,delivered
1553,565,288,11/3/2021,3,delivered
1554,555,384,9/11/2018,6,shipped
1555,906,260,5/24/2000,8,shipped
1556,872,73,8/25/2024,7,pending
1557,716,266,11/11/2012,5,delivered
1558,65,321,7/28/2005,9,shipped
1559,613,272,9/1/2022,2,shipped
1560,764,164,9/9/2008,9,pending
1561,792,155,12/19/2001,7,shipped
1562,56,12,9/24/2001,4,delivered
1563,880,322,11/13/2018,10,pending
1564,30,45,10/24/2005,6,shipped
1565,648,26,11/5/2007,5,pending
1566,540,137,8/2/2003,6,shipped
1567,191,382,4/30/2022,3,delivered
1568,629,279,9/2/2018,7,shipped
1569,172,341,6/3/2004,10,pending
1570,511,210,7/29/2011,7,shipped
1571,979,70,3/7/2021,8,delivered
1572,197,214,12/31/2005,7,shipped
1573,289,391,9/6/2017,9,shipped
1574,985,79,12/4/2023,6,shipped
1575,684,75,7/11/2007,7,pending
1576,49,96,8/14/2020,1,delivered
1577,535,216,1/11/2017,10,pending
1578,474,64,3/16/2000,10,shipped
1579,640,318,10/9/2011,1,shipped
1580,604,340,9/10/2011,2,delivered
1581,243,89,2/7/2013,8,pending
1582,750,63,5/9/2019,7,delivered
1583,275,335,10/11/2009,1,delivered
1584,943,155,1/4/2008,8,pending
1585,65,227,5/17/2024,2,delivered
1586,632,341,2/25/2001,7,delivered
1587,743,385,4/1/2005,7,shipped
1588,944,135,5/1/2003,4,shipped
1589,217,180,5/22/2023,5,delivered
1590,957,41,3/19/2015,9,shipped
1591,738,87,5/20/2019,8,delivered
1592,334,267,2/11/2023,7,delivered
1593,119,372,2/27/2000,7,delivered
1594,981,84,3/16/2001,2,delivered
1595,446,277,7/18/2013,9,delivered
1596,874,8,3/5/2010,4,shipped
1597,139,185,10/10/2016,1,shipped
1598,502,383,2/21/2011,8,pending
1599,990,128,12/22/2000,7,pending
1600,722,112,2/13/2018,5,pending
1601,22,123,1/26/2002,4,pending
1602,897,339,4/11/2021,1,shipped
1603,979,120,12/17/2000,3,delivered
1604,324,84,6/27/2021,10,shipped
1605,899,60,6/28/2003,7,delivered
1606,48,152,12/7/2006,7,pending
1607,204,18,2/17/2000,2,delivered
1608,67,178,11/4/2005,7,shipped
1609,885,156,6/3/2021,1,delivered
1610,793,45,12/23/2005,6,shipped
1611,982,173,9/20/2002,8,shipped
1612,129,249,10/5/2010,1,shipped
1613,405,50,6/2/2013,7,shipped
1614,728,126,1/15/2011,9,shipped
1615,820,185,4/28/2014,10,delivered
1616,86,297,5/20/2018,3,delivered
1617,893,27,3/10/2018,7,shipped
1618,487,315,1/21/2007,4,shipped
1619,941,74,12/26/2004,9,shipped
1620,745,322,4/18/2015,8,pending
1621,418,38,11/12/2016,9,shipped
1622,105,356,11/27/2021,3,delivered
1623,695,368,11/29/2024,5,shipped
1624,971,319,12/26/2016,2,shipped
1625,976,150,7/31/2022,7,delivered
1626,283,303,4/29/2007,8,shipped
1627,492,60,6/18/2000,10,pending
1628,196,140,11/22/2002,8,delivered
1629,127,382,7/5/2003,1,pending
1630,559,34,4/1/2000,10,shipped
1631,57,247,8/24/2016,8,pending
1632,962,50,6/11/2011,5,shipped
1633,713,326,8/27/2016,8,delivered
1634,196,262,12/29/2023,6,pending
1635,35,261,7/19/2002,5,delivered
1636,463,230,4/1/2011,7,pending
1637,234,152,2/1/2003,8,shipped
1638,58,227,5/27/2006,7,pending
1639,280,128,1/13/2013,1,shipped
1640,621,329,11/16/2010,4,pending
1641,150,110,4/23/2014,1,delivered
1642,901,134,8/4/2002,10,shipped
1643,631,287,10/4/2011,7,pending
1644,176,56,11/22/2011,2,pending
1645,641,35,12/3/2024,3,shipped
1646,978,242,9/18/2012,2,shipped
1647,767,111,4/20/2006,6,pending
1648,612,215,2/21/2012,8,shipped
1649,660,362,10/4/2018,2,pending
1650,183,47,7/16/2010,7,shipped
1651,943,6,9/6/2010,8,pending
1652,79,209,8/25/2024,9,pending
1653,823,72,3/27/2003,10,pending
1654,428,187,5/14/2004,1,pending
1655,609,241,9/28/2001,8,pending
1656,729,77,12/17/2003,10,pending
1657,267,15,9/11/2003,9,pending
1658,181,130,9/12/2003,2,delivered
1659,115,54,7/16/2002,8,shipped
1660,846,399,8/17/2002,4,shipped
1661,930,200,9/9/2018,6,pending
1662,423,306,5/7/2001,9,delivered
1663,457,133,1/6/2009,9,delivered
1664,597,19,7/25/2018,3,delivered
1665,238,52,5/12/2021,5,shipped
1666,963,146,4/1/2000,3,delivered
1667,319,286,4/5/2015,4,pending
1668,469,205,10/21/2003,5,delivered
1669,481,192,4/8/2006,8,pending
1670,552,4,9/9/2016,5,pending
1671,421,274,4/13/2022,2,delivered
1672,635,25,6/21/2010,8,delivered
1673,789,301,5/26/2014,2,delivered
1674,46,339,9/9/2020,7,delivered
1675,443,212,3/24/2008,5,delivered
1676,14,141,8/22/2000,7,shipped
1677,719,334,10/11/2003,4,shipped
1678,915,181,6/24/2006,7,pending
1679,263,70,5/1/2023,9,delivered
1680,523,78,7/15/2002,5,delivered
1681,445,304,6/21/2020,6,delivered
1682,458,112,2/22/2017,3,delivered
1683,61,7,7/10/2008,8,delivered
1684,592,21,11/10/2021,10,shipped
1685,167,276,9/2/2024,2,pending
1686,523,176,9/29/2019,6,delivered
1687,765,305,5/8/2005,7,pending
1688,978,122,7/3/2021,1,shipped
1689,843,278,12/27/2005,3,pending
1690,774,256,10/15/2022,7,pending
1691,256,365,2/4/2019,10,delivered
1692,842,394,5/21/2004,5,shipped
1693,879,11,1/12/2002,6,pending
1694,931,391,12/18/2022,5,shipped
1695,85,52,7/7/2004,10,pending
1696,506,57,11/24/2023,7,delivered
1697,793,59,4/23/2014,2,delivered
1698,518,239,9/5/2011,1,delivered
1699,640,37,5/29/2011,3,pending
1700,102,361,7/11/2017,2,pending
1701,954,163,9/13/2000,8,delivered
1702,300,151,4/12/2002,7,pending
1703,747,5,12/10/2019,6,shipped
1704,263,44,6/7/2014,3,shipped
1705,330,51,3/26/2009,3,shipped
1706,616,350,2/2/2005,6,pending
1707,758,375,3/20/2018,4,pending
1708,909,154,12/17/2013,4,shipped
1709,299,373,5/18/2007,8,shipped
1710,938,305,2/2/2012,5,delivered
1711,93,366,5/27/2015,7,delivered
1712,352,39,3/2/2023,3,pending
1713,928,172,4/2/2006,10,shipped
1714,587,303,9/7/2012,6,shipped
1715,612,27,6/16/2018,9,delivered
1716,985,224,2/26/2022,7,pending
1717,489,167,1/23/2007,10,pending
1718,625,234,8/4/2024,4,pending
1719,458,260,4/30/2002,2,pending
1720,32,24,2/20/2005,5,pending
1721,715,132,4/23/2001,1,delivered
1722,489,40,8/28/2005,5,pending
1723,547,8,3/25/2021,5,pending
1724,780,159,12/23/2008,10,delivered
1725,674,140,9/2/2012,1,delivered
1726,661,209,12/13/2018,8,delivered
1727,852,399,6/16/2024,5,shipped
1728,845,298,2/2/2011,8,pending
1729,779,219,7/6/2015,6,shipped
1730,358,300,7/17/2013,2,delivered
1731,637,355,10/1/2009,5,shipped
1732,342,143,11/16/2021,3,pending
1733,361,229,6/5/2004,9,pending
1734,24,236,1/17/2020,5,pending
1735,472,252,7/2/2013,4,delivered
1736,153,291,5/4/2005,4,pending
1737,6,239,5/29/2016,7,delivered
1738,221,288,9/11/2016,4,delivered
1739,147,400,11/14/2009,7,pending
1740,982,214,10/18/2005,8,delivered
1741,290,315,2/17/2022,9,shipped
1742,557,262,3/20/2003,1,delivered
1743,451,347,8/9/2007,8,pending
1744,144,333,8/12/2023,4,delivered
1745,526,139,5/4/2006,4,delivered
1746,567,232,2/2/2008,8,shipped
1747,258,350,1/9/2019,9,shipped
1748,740,43,2/8/2017,4,pending
1749,20,24,3/15/2000,3,delivered
1750,187,344,2/1/2015,10,shipped
1751,534,248,3/20/2009,7,pending
1752,655,244,12/4/2011,3,shipped
1753,49,233,6/2/2006,5,shipped
1754,537,248,11/11/2023,4,shipped
1755,527,128,4/8/2014,2,shipped
1756,818,59,1/16/2003,4,shipped
1757,534,252,11/10/2002,2,shipped
1758,684,393,11/29/2019,4,shipped
1759,45,373,1/26/2013,5,pending
1760,522,263,6/8/2006,1,pending
1761,618,54,4/19/2024,10,delivered
1762,121,306,12/23/2008,6,shipped
1763,311,182,9/24/2004,4,delivered
1764,39,139,3/23/2010,4,shipped
1765,759,241,3/26/2019,5,delivered
1766,314,350,6/5/2024,3,shipped
1767,746,279,12/8/2015,1,shipped
1768,307,158,4/15/2003,6,shipped
1769,169,324,6/28/2018,5,pending
1770,503,288,11/6/2014,8,shipped
1771,193,271,5/21/2022,3,shipped
1772,695,368,4/7/2020,8,pending
1773,50,224,6/16/2007,4,pending
1774,851,282,9/15/2016,10,delivered
1775,593,16,2/4/2006,4,delivered
1776,265,323,11/4/2012,3,pending
1777,974,105,3/15/2000,9,delivered
1778,135,259,4/16/2004,8,pending
1779,283,258,2/28/2001,2,pending
1780,821,358,4/15/2013,8,delivered
1781,673,377,12/10/2023,2,shipped
1782,456,297,5/7/2005,8,shipped
1783,708,349,9/3/2018,7,shipped
1784,988,208,10/18/2016,5,pending
1785,310,174,8/4/2007,7,pending
1786,72,169,3/29/2009,10,shipped
1787,600,318,7/3/2003,9,shipped
1788,563,359,1/23/2005,7,delivered
1789,303,189,3/24/2002,3,shipped
1790,299,368,6/16/2020,5,shipped
1791,164,235,3/12/2019,7,delivered
1792,210,185,3/3/2001,8,delivered
1793,388,128,7/4/2017,3,pending
1794,96,303,5/26/2015,8,shipped
1795,838,51,2/7/2013,8,delivered
1796,563,211,10/23/2006,7,pending
1797,646,108,9/9/2001,7,delivered
1798,860,61,8/27/2007,5,pending
1799,333,269,9/29/2006,8,shipped
1800,756,327,4/9/2023,9,delivered
1801,18,358,5/18/2017,1,shipped
1802,815,5,10/3/2022,5,shipped
1803,904,28,7/31/2005,10,pending
1804,707,98,5/11/2004,1,delivered
1805,138,375,9/9/2019,1,delivered
1806,872,109,2/1/2003,10,pending
1807,984,263,9/13/2005,3,delivered
1808,645,311,3/8/2015,5,shipped
1809,360,15,7/20/2006,1,shipped
1810,838,388,3/11/2014,3,delivered
1811,128,32,10/14/2015,2,pending
1812,421,135,3/15/2000,5,pending
1813,242,313,2/9/2023,1,delivered
1814,719,261,10/28/2004,3,delivered
1815,470,213,10/2/2005,9,delivered
1816,693,306,9/12/2000,1,shipped
1817,17,78,12/11/2013,1,delivered
1818,622,205,10/19/2014,5,shipped
1819,771,166,8/17/2016,1,pending
1820,343,396,1/10/2011,2,pending
1821,98,299,1/10/2020,8,delivered
1822,254,111,7/12/2007,4,delivered
1823,91,324,4/20/2015,3,pending
1824,1,134,4/17/2021,10,shipped
1825,442,383,5/18/2017,3,pending
1826,964,325,9/29/2003,9,pending
1827,683,341,12/27/2000,10,pending
1828,764,236,3/16/2000,3,shipped
1829,862,222,6/21/2024,9,delivered
1830,205,282,10/5/2016,9,pending
1831,991,176,10/3/2016,7,shipped
1832,617,63,9/27/2024,5,delivered
1833,886,279,11/3/2016,3,shipped
1834,355,287,11/13/2016,3,shipped
1835,482,398,3/30/2024,6,shipped
1836,478,206,4/3/2004,7,shipped
1837,4,72,6/15/2024,6,shipped
1838,180,263,7/9/2014,1,shipped
1839,172,85,2/26/2000,9,delivered
1840,630,188,10/26/2020,1,pending
1841,948,196,12/25/2005,7,shipped
1842,887,386,2/29/2016,9,shipped
1843,894,6,9/19/2012,9,shipped
1844,71,302,9/16/2010,6,shipped
1845,518,189,1/3/2009,10,delivered
1846,262,35,6/15/2006,8,pending
1847,304,390,7/11/2005,2,delivered
1848,631,179,9/21/2024,8,shipped
1849,459,153,9/28/2020,1,shipped
1850,831,82,11/12/2019,7,pending
1851,959,123,1/27/2023,1,delivered
1852,549,151,8/18/2005,1,delivered
1853,813,295,11/17/2019,9,pending
1854,40,112,5/5/2008,4,pending
1855,160,68,4/1/2014,9,delivered
1856,674,171,8/3/2007,3,delivered
1857,609,8,3/23/2000,5,shipped
1858,166,382,6/19/2014,4,shipped
1859,680,246,12/17/2004,2,delivered
1860,999,44,12/18/2012,7,shipped
1861,966,167,11/17/2011,6,shipped
1862,875,1,2/24/2015,9,shipped
1863,852,199,2/20/2012,5,shipped
1864,646,258,4/4/2014,7,shipped
1865,341,225,10/29/2018,5,shipped
1866,284,81,9/9/2020,3,delivered
1867,644,11,12/24/2021,4,delivered
1868,6,43,6/26/2006,10,pending
1869,388,79,5/31/2015,10,pending
1870,680,3,9/29/2015,5,delivered
1871,898,305,4/17/2000,9,pending
1872,4,17,9/3/2000,8,delivered
1873,426,388,5/9/2000,10,shipped
1874,123,114,8/7/2010,8,pending
1875,161,205,10/4/2013,6,pending
1876,537,294,4/29/2009,3,delivered
1877,405,99,12/7/2024,6,delivered
1878,664,240,3/29/2001,1,shipped
1879,519,339,8/3/2020,6,delivered
1880,526,315,2/11/2023,6,pending
1881,510,250,2/4/2016,10,shipped
1882,250,334,12/9/2014,9,delivered
1883,654,140,5/12/2002,9,pending
1884,642,375,6/24/2022,2,delivered
1885,670,102,7/17/2005,10,pending
1886,85,343,9/18/2012,7,pending
1887,119,373,7/7/2007,10,pending
1888,873,292,1/20/2003,6,shipped
1889,613,367,12/24/2015,6,delivered
1890,580,22,3/19/2017,5,shipped
1891,604,148,9/29/2024,5,pending
1892,661,108,3/30/2002,6,shipped
1893,104,44,2/24/2002,5,shipped
1894,244,138,4/29/2004,1,delivered
1895,15,33,7/19/2015,8,shipped
1896,763,33,9/28/2022,5,delivered
1897,936,56,11/20/2024,2,shipped
1898,950,12,12/29/2019,1,shipped
1899,506,86,12/26/2006,3,shipped
1900,81,174,3/27/2017,2,delivered
1901,1000,396,1/24/2004,7,pending
1902,859,161,4/25/2009,8,pending
1903,737,321,9/4/2022,6,shipped
1904,463,209,7/16/2020,1,shipped
1905,420,21,6/22/2001,9,pending
1906,281,224,3/23/2005,5,pending
1907,125,364,12/13/2011,8,delivered
1908,661,183,7/17/2012,2,delivered
1909,141,50,5/31/2007,1,pending
1910,218,164,10/26/2023,5,shipped
1911,370,100,8/18/2007,9,pending
1912,446,59,8/24/2019,5,delivered
1913,27,133,1/17/2010,9,pending
1914,743,335,5/14/2000,4,pending
1915,290,287,6/9/2006,6,shipped
1916,448,151,11/13/2007,4,shipped
1917,25,137,11/26/2019,5,delivered
1918,687,250,3/30/2007,1,pending
1919,355,95,10/16/2002,3,delivered
1920,743,282,11/22/2016,3,delivered
1921,141,312,1/23/2021,8,delivered
1922,804,355,12/15/2015,1,shipped
1923,467,339,8/21/2011,1,shipped
1924,116,341,12/4/2020,10,delivered
1925,826,33,11/16/2016,3,delivered
1926,817,50,1/4/2008,9,pending
1927,347,160,12/27/2010,7,delivered
1928,553,332,3/28/2000,5,delivered
1929,700,125,4/29/2003,2,delivered
1930,392,374,9/7/2021,6,pending
1931,473,69,10/9/2024,7,pending
1932,749,106,9/6/2007,3,shipped
1933,746,381,2/26/2005,10,delivered
1934,307,14,9/21/2016,8,shipped
1935,370,319,12/16/2021,7,shipped
1936,251,223,3/17/2009,1,shipped
1937,644,76,6/1/2017,3,pending
1938,645,42,9/15/2019,4,delivered
1939,659,134,3/9/2018,2,pending
1940,797,123,10/4/2006,7,shipped
1941,576,124,5/16/2024,10,delivered
1942,18,156,6/18/2003,1,pending
1943,503,23,5/8/2012,4,pending
1944,592,68,2/13/2003,7,delivered
1945,216,293,8/1/2018,9,shipped
1946,823,217,11/29/2007,1,pending
1947,3,377,4/21/2008,8,shipped
1948,244,72,9/24/2019,2,delivered
1949,484,338,1/25/2006,3,shipped
1950,75,167,7/26/2024,3,shipped
1951,668,154,1/27/2002,4,shipped
1952,978,241,7/6/2019,2,shipped
1953,25,386,7/1/2018,3,shipped
1954,427,330,10/13/2014,3,pending
1955,286,286,6/7/2010,8,pending
1956,349,125,2/29/2000,8,pending
1957,584,58,2/2/2017,1,pending
1958,163,390,11/7/2011,10,pending
1959,120,138,3/5/2016,5,pending
1960,602,360,9/4/2020,1,delivered
1961,330,22,2/23/2017,4,shipped
1962,132,290,5/13/2024,1,delivered
1963,909,131,9/9/2013,5,shipped
1964,47,161,7/11/2005,2,shipped
1965,277,105,3/21/2001,2,shipped
1966,461,372,11/16/2008,8,pending
1967,644,233,10/2/2023,7,delivered
1968,129,158,12/3/2017,7,shipped
1969,390,193,5/29/2011,1,delivered
1970,119,336,11/19/2014,1,pending
1971,985,179,3/19/2003,5,shipped
1972,229,46,6/2/2000,6,pending
1973,385,71,5/26/2023,6,pending
1974,814,290,11/7/2004,7,pending
1975,397,195,10/11/2001,4,delivered
1976,719,165,10/17/2008,2,pending
1977,535,101,1/12/2023,6,pending
1978,563,289,9/17/2013,3,shipped
1979,589,292,10/28/2008,6,shipped
1980,227,299,9/22/2002,2,pending
1981,728,343,12/2/2007,9,delivered
1982,195,63,9/9/2012,10,delivered
1983,200,138,5/17/2024,7,delivered
1984,83,268,6/10/2022,9,shipped
1985,167,171,6/4/2008,6,shipped
1986,794,340,2/13/2007,10,delivered
1987,871,121,5/17/2016,1,shipped
1988,967,259,4/21/2019,6,pending
1989,882,121,5/22/2013,9,pending
1990,249,70,3/1/2022,10,delivered
1991,318,219,6/22/2018,10,shipped
1992,229,96,5/31/2018,7,delivered
1993,743,243,11/12/2001,2,delivered
1994,994,212,6/8/2017,10,shipped
1995,835,5,11/2/2012,1,shipped
1996,943,183,10/14/2016,3,shipped
1997,532,128,5/2/2001,8,delivered
1998,166,205,2/17/2001,3,shipped
1999,546,247,8/19/2016,8,pending
2000,765,380,5/18/2015,1,pending
