review_id,customer_id,product_id,rating,review_text,review_date
1,388,23,1,great service,9/15/2022
2,861,397,3,very good product,9/10/2004
3,130,342,1,woow,12/19/2006
4,713,331,4,very good product,4/30/2017
5,225,165,2,amazing,3/6/2017
6,715,392,5,great service,10/14/2009
7,314,255,1,woow,3/10/2009
8,456,191,5,amazing,12/22/2024
9,689,332,1,lovely,7/3/2017
10,321,172,2,lovely,2/17/2023
11,229,53,3,good,5/18/2006
12,677,14,4,woow,12/30/2022
13,351,256,4,Useful,10/20/2016
14,26,117,3,Useful,11/19/2023
15,284,306,2,amazing,5/29/2012
16,539,130,5,great service,12/18/2014
17,427,102,4,lovely,8/15/2004
18,231,299,5,Useful,9/13/2023
19,358,232,2,amazing,9/13/2016
20,232,97,2,good,7/29/2012
21,261,275,2,great service,5/21/2023
22,558,366,5,Useful,3/12/2016
23,698,378,2,lovely,7/2/2014
24,610,24,3,very good product,3/26/2004
25,728,285,3,great service,7/8/2011
26,962,115,1,lovely,10/13/2000
27,297,129,4,lovely,1/14/2001
28,157,223,4,amazing,10/13/2004
29,720,356,3,amazing,12/9/2003
30,855,107,1,very good product,5/1/2024
31,509,239,1,I will buy more,7/5/2005
32,24,175,3,I will buy more,5/23/2017
33,122,45,4,woow,6/25/2020
34,910,124,3,lovely,7/25/2024
35,557,200,3,lovely,10/21/2010
36,597,283,5,woow,4/3/2008
37,863,397,1,great service,1/2/2018
38,123,350,2,Useful,12/8/2015
39,55,7,4,amazing,7/26/2022
40,684,3,3,very good product,6/1/2015
41,941,169,5,great service,4/2/2007
42,967,342,5,lovely,6/21/2011
43,129,370,5,amazing,1/6/2022
44,571,20,2,I will buy more,12/1/2007
45,328,77,3,woow,8/25/2007
46,711,107,2,I will buy more,5/31/2000
47,384,14,4,I will buy more,4/3/2007
48,876,138,1,I will buy more,8/28/2011
49,354,335,1,good,4/6/2010
50,241,361,3,woow,4/3/2016
51,828,333,4,lovely,6/14/2020
52,347,51,4,very good product,5/1/2024
53,160,342,1,great service,8/24/2006
54,221,351,5,Useful,7/25/2007
55,447,209,4,amazing,9/17/2024
56,241,182,3,great service,8/27/2009
57,316,298,3,lovely,1/15/2021
58,146,83,1,very good product,2/27/2006
59,402,267,2,amazing,6/3/2014
60,414,156,3,woow,5/7/2007
61,884,359,2,great service,2/22/2022
62,577,290,4,Useful,7/11/2007
63,829,304,5,good,9/25/2014
64,618,355,4,great service,6/20/2010
65,265,47,1,great service,4/10/2019
66,989,195,1,Useful,7/31/2018
67,655,397,1,good,3/10/2017
68,392,39,5,good,3/20/2013
69,978,246,3,great service,7/16/2006
70,269,383,1,very good product,2/22/2020
71,75,379,1,woow,3/20/2013
72,775,326,1,amazing,3/17/2012
73,296,249,4,very good product,2/23/2014
74,363,283,2,lovely,12/6/2024
75,119,106,4,very good product,1/28/2014
76,420,261,2,good,11/14/2012
77,425,92,5,woow,3/29/2021
78,396,53,1,lovely,3/4/2007
79,519,214,4,good,8/10/2015
80,964,70,3,very good product,4/5/2021
81,403,176,4,amazing,1/21/2004
82,933,126,3,I will buy more,10/18/2016
83,295,102,3,very good product,7/10/2018
84,904,153,4,good,11/24/2001
85,679,171,2,very good product,11/12/2011
86,205,31,4,lovely,8/28/2005
87,491,102,1,woow,1/28/2002
88,834,173,2,good,11/28/2011
89,590,14,1,very good product,10/8/2006
90,470,118,3,amazing,1/29/2024
91,837,393,3,very good product,6/7/2008
92,808,128,5,lovely,3/4/2021
93,945,230,2,I will buy more,6/12/2021
94,662,50,1,great service,1/21/2006
95,1000,368,5,amazing,4/10/2000
96,330,106,4,woow,9/8/2013
97,709,142,5,good,9/12/2004
98,570,125,1,good,12/9/2011
99,346,2,4,woow,8/5/2004
100,564,204,2,I will buy more,12/10/2001
101,759,125,2,lovely,8/16/2016
102,531,189,1,woow,10/2/2001
103,855,130,1,good,9/28/2021
104,771,231,5,amazing,5/1/2015
105,537,9,1,I will buy more,5/30/2011
106,210,26,3,lovely,1/24/2019
107,214,185,3,amazing,6/22/2019
108,177,244,4,Useful,4/28/2011
109,378,169,4,great service,10/18/2015
110,770,343,3,Useful,4/17/2024
111,12,279,4,very good product,5/15/2007
112,660,25,5,lovely,3/27/2002
113,327,344,3,lovely,3/28/2017
114,283,253,3,I will buy more,1/26/2019
115,121,196,3,woow,6/7/2019
116,414,102,4,very good product,8/28/2001
117,806,119,4,great service,7/18/2021
118,477,74,4,woow,4/13/2023
119,102,154,4,I will buy more,9/19/2000
120,488,360,1,I will buy more,3/15/2015
121,506,112,5,I will buy more,11/1/2000
122,565,9,4,good,5/26/2003
123,310,223,2,lovely,3/26/2024
124,840,224,4,woow,8/3/2019
125,547,217,1,good,2/17/2002
126,715,181,2,good,8/31/2010
127,911,204,2,amazing,4/15/2020
128,436,360,4,very good product,12/22/2016
129,675,115,3,very good product,4/3/2018
130,140,212,3,lovely,6/9/2018
131,510,238,4,amazing,12/14/2018
132,13,327,3,Useful,8/1/2008
133,465,254,2,great service,8/3/2021
134,581,12,3,amazing,3/30/2005
135,249,89,5,amazing,2/24/2012
136,892,69,2,great service,6/2/2017
137,240,336,3,amazing,8/12/2007
138,821,261,1,good,3/31/2010
139,739,283,3,good,11/14/2000
140,244,27,2,amazing,3/18/2004
141,379,205,4,I will buy more,5/12/2020
142,148,390,3,amazing,2/15/2018
143,750,184,1,very good product,7/8/2000
144,405,31,3,Useful,5/29/2003
145,451,162,3,very good product,5/31/2001
146,848,60,2,lovely,3/3/2002
147,22,64,2,very good product,10/2/2018
148,928,372,3,good,9/7/2016
149,730,228,5,amazing,9/1/2022
150,695,80,2,great service,11/18/2008
151,38,71,5,amazing,8/14/2006
152,306,387,3,lovely,8/11/2002
153,706,15,2,I will buy more,3/26/2017
154,79,226,3,woow,11/22/2003
155,22,355,3,good,5/16/2017
156,989,311,3,amazing,2/18/2012
157,547,194,5,woow,2/14/2000
158,342,97,1,good,3/16/2002
159,291,272,3,good,6/24/2008
160,111,79,3,lovely,1/20/2019
161,536,283,4,good,5/14/2024
162,269,161,4,great service,5/26/2009
163,544,321,5,very good product,1/25/2018
164,7,233,5,great service,4/29/2008
165,683,191,1,very good product,3/24/2013
166,799,20,1,Useful,5/28/2005
167,301,186,2,woow,7/28/2020
168,153,124,4,woow,2/28/2019
169,35,162,3,I will buy more,11/17/2008
170,389,97,3,good,6/18/2000
171,239,21,3,very good product,1/16/2021
172,9,210,3,amazing,9/6/2017
173,572,110,1,good,5/28/2020
174,480,321,3,lovely,4/4/2021
175,368,8,5,woow,9/15/2008
176,544,388,4,Useful,5/9/2024
177,232,233,5,Useful,10/28/2010
178,258,231,4,amazing,9/28/2000
179,996,155,1,good,9/19/2024
180,432,165,4,amazing,9/19/2020
181,315,47,3,very good product,10/25/2002
182,95,28,4,Useful,4/27/2023
183,618,218,3,great service,2/7/2012
184,768,336,5,good,2/1/2019
185,774,32,2,good,1/13/2023
186,184,220,1,very good product,10/3/2011
187,226,33,1,very good product,2/10/2001
188,763,285,1,good,8/19/2005
189,212,37,1,Useful,7/2/2007
190,326,96,5,great service,9/18/2007
191,276,187,4,Useful,2/26/2018
192,2,51,3,Useful,11/14/2014
193,732,212,1,good,1/11/2020
194,72,57,3,woow,9/2/2024
195,1000,221,2,Useful,5/3/2019
196,692,348,5,I will buy more,3/5/2020
197,749,42,5,woow,11/11/2014
198,643,306,3,woow,12/3/2008
199,233,394,5,Useful,10/19/2004
200,389,126,4,lovely,6/30/2024
201,151,167,2,Useful,3/20/2011
202,761,152,5,lovely,2/19/2015
203,117,314,1,woow,2/5/2021
204,571,351,2,very good product,3/17/2013
205,107,206,3,amazing,4/3/2014
206,660,59,3,good,11/6/2014
207,923,177,5,Useful,10/10/2004
208,237,205,1,lovely,6/25/2018
209,942,376,3,woow,11/13/2016
210,303,119,3,good,3/18/2007
211,475,331,1,amazing,6/15/2019
212,404,213,1,I will buy more,9/29/2003
213,665,25,1,woow,11/19/2016
214,15,289,3,lovely,7/2/2002
215,380,28,4,I will buy more,3/17/2000
216,213,159,1,good,9/2/2021
217,237,108,4,lovely,7/20/2005
218,43,141,4,Useful,10/28/2022
219,100,297,4,lovely,11/23/2018
220,185,320,2,good,11/10/2019
221,269,262,1,I will buy more,10/22/2010
222,370,335,5,Useful,7/20/2023
223,773,307,1,lovely,7/19/2021
224,531,334,4,woow,8/18/2016
225,15,64,2,I will buy more,12/18/2024
226,447,243,2,good,4/21/2001
227,4,126,5,Useful,11/3/2000
228,652,379,4,good,6/16/2023
229,868,61,3,lovely,4/15/2004
230,531,89,5,great service,10/17/2001
231,547,68,1,I will buy more,7/27/2008
232,136,208,2,Useful,1/7/2019
233,840,44,4,woow,4/29/2017
234,236,213,5,amazing,12/23/2009
235,578,348,2,lovely,2/23/2012
236,706,289,3,woow,10/8/2018
237,160,266,3,I will buy more,10/9/2007
238,285,224,5,amazing,8/29/2015
239,218,70,1,very good product,8/13/2023
240,691,84,2,great service,3/17/2013
241,459,18,5,good,1/10/2012
242,434,221,4,lovely,7/2/2022
243,741,212,1,good,2/15/2015
244,499,159,4,Useful,11/27/2013
245,553,28,5,woow,5/29/2004
246,4,361,1,Useful,3/17/2019
247,648,255,2,good,4/28/2006
248,97,382,3,amazing,10/28/2009
249,719,148,4,I will buy more,4/29/2018
250,583,197,1,I will buy more,12/24/2021
251,929,364,4,woow,10/18/2001
252,468,236,1,lovely,12/22/2012
253,425,131,5,I will buy more,2/9/2000
254,226,172,5,I will buy more,8/20/2024
255,259,149,1,I will buy more,4/17/2008
256,145,10,3,very good product,10/26/2010
257,244,55,1,great service,5/2/2001
258,946,97,1,Useful,4/11/2001
259,264,243,5,amazing,2/22/2002
260,855,151,3,I will buy more,3/31/2006
261,891,299,5,good,8/7/2022
262,197,316,1,great service,4/21/2005
263,408,273,3,good,8/7/2023
264,643,286,3,woow,2/18/2012
265,381,376,5,amazing,1/10/2011
266,861,346,1,I will buy more,5/26/2020
267,2,99,2,amazing,12/9/2024
268,968,75,2,woow,7/30/2008
269,685,309,4,good,10/20/2015
270,511,259,3,good,8/21/2005
271,880,312,5,I will buy more,2/18/2009
272,986,362,4,woow,4/20/2003
273,636,80,1,great service,1/27/2002
274,93,34,4,amazing,12/15/2000
275,6,44,5,amazing,12/2/2012
276,391,327,3,I will buy more,9/18/2010
277,908,222,5,lovely,11/26/2015
278,421,149,5,woow,9/15/2017
279,567,326,3,I will buy more,7/18/2023
280,35,310,5,woow,9/16/2004
281,225,104,3,very good product,1/3/2001
282,46,207,4,woow,5/16/2015
283,908,365,1,good,5/25/2005
284,815,33,1,I will buy more,10/16/2020
285,67,318,5,great service,6/25/2016
286,105,115,3,Useful,6/2/2013
287,353,233,5,great service,4/13/2008
288,201,81,3,very good product,5/4/2013
289,570,187,4,great service,2/29/2016
290,819,84,1,I will buy more,2/3/2022
291,666,123,2,good,1/23/2024
292,21,110,4,woow,12/12/2008
293,379,221,5,good,8/6/2020
294,496,88,5,good,4/12/2005
295,81,148,1,I will buy more,1/14/2012
296,260,195,1,Useful,11/8/2011
297,500,92,1,good,10/9/2010
298,194,276,4,good,4/4/2022
299,231,11,2,woow,8/5/2000
300,825,73,2,amazing,12/10/2019
301,713,270,2,woow,11/11/2013
302,36,314,1,woow,7/6/2001
303,751,178,5,I will buy more,3/24/2023
304,816,396,4,Useful,12/9/2004
305,437,12,3,amazing,11/24/2016
306,201,274,2,lovely,4/22/2017
307,620,259,5,woow,5/6/2018
308,855,152,1,woow,7/11/2002
309,218,292,1,great service,7/21/2010
310,677,369,2,amazing,7/6/2014
311,495,217,4,good,11/9/2008
312,845,399,3,Useful,5/24/2020
313,331,375,3,amazing,3/1/2010
314,359,323,2,woow,1/27/2006
315,6,39,5,great service,3/14/2014
316,374,356,2,very good product,7/10/2011
317,530,76,2,woow,12/20/2008
318,705,149,4,good,8/17/2011
319,375,313,3,very good product,5/10/2010
320,113,33,3,great service,6/21/2008
321,934,300,5,Useful,6/14/2017
322,266,310,3,very good product,3/14/2020
323,2,148,2,woow,5/30/2006
324,930,123,4,good,7/28/2015
325,102,259,4,I will buy more,9/30/2010
326,556,280,3,good,6/25/2020
327,279,104,3,very good product,6/24/2020
328,33,209,2,good,4/29/2001
329,426,267,2,good,9/13/2004
330,920,345,5,I will buy more,11/21/2008
331,393,58,1,amazing,11/9/2005
332,388,277,3,good,1/31/2024
333,851,47,3,great service,8/23/2002
334,102,185,3,lovely,5/5/2022
335,575,28,2,very good product,9/30/2011
336,457,172,4,I will buy more,1/24/2007
337,242,143,2,great service,12/25/2023
338,863,366,3,Useful,1/28/2001
339,453,26,2,amazing,11/6/2000
340,393,118,5,amazing,11/17/2004
341,831,377,5,Useful,9/7/2008
342,482,359,3,woow,5/27/2009
343,445,279,2,lovely,11/9/2024
344,805,305,5,very good product,7/26/2012
345,748,204,3,woow,9/29/2017
346,526,323,5,good,7/30/2019
347,251,238,4,good,1/24/2014
348,126,173,5,woow,5/1/2006
349,916,348,4,amazing,8/3/2016
350,176,157,5,amazing,7/12/2014
351,727,180,3,great service,11/11/2001
352,880,286,2,woow,10/24/2021
353,960,321,1,I will buy more,6/27/2019
354,160,197,4,good,9/26/2006
355,51,203,3,great service,10/29/2022
356,208,324,5,Useful,10/5/2018
357,990,391,5,woow,9/19/2004
358,257,15,3,woow,7/27/2021
359,897,323,4,very good product,3/21/2004
360,204,104,1,lovely,1/17/2003
361,674,128,5,woow,8/22/2022
362,116,217,4,very good product,2/21/2004
363,58,379,3,good,10/3/2024
364,363,179,4,great service,7/5/2021
365,843,290,3,amazing,9/13/2001
366,796,267,1,amazing,7/8/2019
367,674,241,2,good,6/30/2011
368,538,75,3,amazing,11/12/2024
369,494,92,4,I will buy more,12/13/2003
370,588,379,3,woow,12/28/2001
371,291,213,5,very good product,1/30/2003
372,9,390,4,Useful,5/26/2005
373,977,355,5,amazing,9/16/2004
374,727,216,4,amazing,8/8/2013
375,784,273,5,Useful,6/29/2000
376,46,102,3,good,12/26/2011
377,955,339,4,Useful,1/25/2023
378,446,161,2,lovely,12/3/2002
379,306,249,3,good,4/21/2002
380,610,24,1,great service,5/31/2001
381,133,259,3,very good product,3/22/2017
382,844,133,2,lovely,6/27/2021
383,851,38,2,I will buy more,3/31/2022
384,516,116,5,great service,10/24/2004
385,398,209,4,lovely,6/21/2020
386,254,144,3,amazing,12/28/2012
387,170,226,4,very good product,4/4/2024
388,977,21,3,I will buy more,5/29/2016
389,564,112,5,Useful,5/27/2005
390,941,76,5,amazing,2/3/2024
391,532,137,1,I will buy more,1/13/2020
392,890,112,2,amazing,11/5/2004
393,654,332,1,I will buy more,4/1/2007
394,484,45,3,good,3/24/2019
395,365,14,4,lovely,1/13/2018
396,886,12,4,woow,2/17/2021
397,721,181,4,woow,11/8/2013
398,812,47,3,I will buy more,10/23/2013
399,825,344,2,lovely,11/14/2015
400,85,325,1,great service,2/29/2004
401,943,301,2,amazing,2/6/2024
402,772,394,2,Useful,9/13/2019
403,601,370,5,very good product,1/26/2001
404,592,338,2,woow,5/15/2002
405,742,262,1,woow,7/12/2006
406,600,68,2,very good product,8/6/2001
407,146,121,4,I will buy more,4/27/2019
408,132,156,4,very good product,7/2/2003
409,697,392,3,great service,11/25/2011
410,13,40,2,lovely,4/24/2012
411,353,352,2,I will buy more,1/25/2003
412,254,133,4,woow,8/27/2001
413,410,377,3,lovely,3/10/2006
414,266,8,4,amazing,10/17/2011
415,400,384,5,great service,4/6/2013
416,350,83,1,great service,6/1/2002
417,782,320,5,very good product,3/5/2001
418,305,69,4,woow,5/18/2019
419,475,91,5,Useful,8/16/2020
420,622,130,4,Useful,8/1/2016
421,493,106,3,I will buy more,12/25/2004
422,427,251,2,great service,12/9/2005
423,762,3,1,good,7/2/2018
424,256,149,4,I will buy more,6/4/2020
425,728,383,2,Useful,6/17/2024
426,766,186,2,good,7/31/2006
427,183,75,2,amazing,1/11/2017
428,863,18,2,amazing,12/27/2001
429,929,316,3,woow,2/7/2014
430,355,189,4,amazing,1/27/2018
431,468,97,2,I will buy more,9/6/2007
432,452,186,3,woow,1/3/2004
433,798,254,2,good,10/4/2015
434,493,376,3,amazing,10/25/2004
435,727,49,2,woow,5/21/2019
436,514,77,5,I will buy more,10/25/2011
437,98,379,4,good,1/28/2003
438,791,228,1,I will buy more,11/28/2008
439,545,174,1,lovely,1/2/2011
440,153,336,4,very good product,6/4/2007
441,485,338,4,good,5/6/2022
442,15,290,4,amazing,11/1/2003
443,63,222,4,I will buy more,8/9/2017
444,150,51,1,great service,7/16/2007
445,224,80,1,lovely,8/10/2002
446,371,94,3,Useful,11/18/2000
447,583,56,2,Useful,12/20/2010
448,350,37,5,Useful,6/16/2023
449,116,113,4,Useful,5/8/2003
450,448,343,2,woow,10/13/2021
451,566,101,4,lovely,11/22/2020
452,343,6,4,very good product,4/7/2010
453,782,354,2,Useful,8/9/2024
454,371,80,3,woow,12/8/2008
455,714,261,2,Useful,3/28/2001
456,290,379,1,very good product,10/3/2022
457,798,106,1,very good product,10/11/2002
458,141,332,5,lovely,3/4/2013
459,778,11,5,lovely,5/22/2020
460,882,286,1,I will buy more,6/10/2001
461,413,71,5,I will buy more,3/24/2000
462,693,19,3,very good product,11/24/2011
463,267,81,2,lovely,2/1/2013
464,335,136,3,woow,12/7/2023
465,863,292,5,lovely,12/10/2024
466,85,82,2,good,1/26/2015
467,553,349,5,good,12/2/2015
468,254,388,5,lovely,10/21/2022
469,58,67,1,amazing,3/2/2015
470,218,169,4,lovely,10/8/2018
471,556,108,5,amazing,5/1/2009
472,186,211,3,woow,7/5/2007
473,108,377,3,good,7/9/2012
474,317,252,2,Useful,7/19/2012
475,474,264,5,Useful,2/11/2000
476,225,316,4,woow,11/14/2013
477,408,70,4,woow,8/5/2009
478,322,26,3,woow,10/11/2019
479,785,183,5,great service,11/21/2024
480,136,236,3,great service,9/14/2008
481,581,357,4,I will buy more,5/28/2006
482,609,264,5,Useful,5/3/2016
483,119,41,5,lovely,5/26/2018
484,344,345,5,I will buy more,5/21/2017
485,983,304,5,great service,2/4/2000
486,202,90,5,Useful,2/25/2000
487,307,1,3,good,12/16/2020
488,254,346,3,great service,1/15/2021
489,70,140,2,amazing,1/15/2008
490,251,379,2,lovely,3/4/2018
491,394,391,5,I will buy more,12/31/2022
492,949,41,1,great service,9/28/2009
493,190,352,2,good,5/9/2020
494,383,228,3,Useful,5/3/2010
495,737,314,4,very good product,6/15/2022
496,881,263,3,amazing,5/21/2005
497,487,299,2,great service,6/27/2021
498,665,101,5,amazing,1/28/2019
499,270,314,4,good,7/14/2020
500,60,369,5,woow,4/18/2009
501,902,188,2,lovely,6/18/2004
502,823,103,1,great service,9/18/2020
503,226,135,2,amazing,7/4/2021
504,770,238,3,lovely,9/19/2008
505,847,110,4,lovely,11/7/2022
506,556,354,4,great service,5/11/2000
507,348,214,4,lovely,1/7/2010
508,31,85,5,woow,5/17/2002
509,374,285,1,I will buy more,1/24/2021
510,800,186,3,great service,11/17/2009
511,540,174,3,I will buy more,9/6/2021
512,273,53,4,woow,12/25/2004
513,377,112,5,lovely,1/17/2020
514,842,20,4,I will buy more,6/27/2019
515,796,242,2,very good product,7/31/2023
516,693,232,5,good,5/23/2011
517,705,275,1,amazing,1/14/2011
518,88,255,2,amazing,6/13/2006
519,945,45,5,good,10/2/2004
520,187,150,3,I will buy more,11/18/2009
521,521,175,4,great service,3/12/2021
522,214,149,3,great service,3/28/2020
523,476,80,4,lovely,10/15/2004
524,577,111,2,Useful,9/28/2017
525,622,207,4,great service,6/27/2022
526,523,226,5,woow,4/27/2011
527,441,28,1,Useful,3/5/2013
528,213,290,3,good,6/28/2020
529,918,148,3,lovely,1/29/2024
530,361,147,4,lovely,2/15/2024
531,982,32,5,lovely,5/13/2022
532,69,234,3,great service,12/24/2001
533,925,67,3,I will buy more,3/31/2015
534,151,367,5,good,9/14/2018
535,220,85,1,lovely,11/24/2017
536,279,24,1,good,3/27/2013
537,374,50,1,lovely,9/21/2013
538,894,103,1,very good product,6/7/2017
539,728,226,5,I will buy more,11/14/2024
540,986,177,2,I will buy more,3/21/2008
541,11,101,1,Useful,12/10/2010
542,468,156,4,lovely,7/20/2016
543,547,130,5,woow,3/15/2023
544,502,33,2,amazing,12/31/2011
545,289,121,3,very good product,1/12/2018
546,913,291,2,very good product,7/25/2015
547,986,348,2,woow,2/1/2006
548,731,358,2,amazing,11/27/2005
549,6,38,3,great service,6/29/2010
550,493,341,5,lovely,1/21/2007
551,287,280,5,Useful,9/24/2018
552,803,82,3,woow,10/18/2014
553,59,363,5,I will buy more,3/17/2003
554,75,95,4,great service,4/17/2006
555,161,147,1,lovely,9/22/2018
556,400,184,3,Useful,3/4/2016
557,982,335,3,I will buy more,7/31/2014
558,134,87,2,Useful,2/4/2013
559,386,273,4,Useful,8/30/2005
560,387,217,1,good,3/19/2002
561,369,175,1,amazing,12/19/2024
562,683,382,1,I will buy more,12/24/2023
563,153,54,1,woow,12/3/2022
564,779,389,4,amazing,12/31/2019
565,375,372,1,amazing,7/2/2000
566,488,78,3,lovely,3/26/2005
567,363,210,1,amazing,11/16/2021
568,347,271,4,Useful,3/18/2009
569,324,219,2,woow,6/25/2002
570,407,70,5,lovely,6/12/2002
571,605,399,4,I will buy more,8/17/2007
572,68,146,3,very good product,2/25/2000
573,384,41,5,very good product,8/3/2015
574,207,101,1,Useful,11/11/2008
575,822,238,4,great service,8/6/2024
576,290,157,2,good,11/4/2016
577,267,253,4,I will buy more,6/26/2008
578,141,293,2,great service,11/4/2014
579,930,111,1,amazing,2/7/2019
580,582,344,4,good,7/25/2010
581,341,266,5,I will buy more,10/19/2001
582,70,290,4,amazing,8/31/2010
583,811,42,2,Useful,9/26/2000
584,381,210,1,amazing,10/12/2013
585,444,363,1,I will buy more,9/16/2010
586,609,120,3,good,10/13/2016
587,800,63,5,amazing,2/27/2015
588,148,298,3,amazing,2/12/2008
589,443,50,1,amazing,11/13/2022
590,14,333,4,good,9/24/2004
591,296,80,2,I will buy more,10/27/2016
592,353,55,4,lovely,11/10/2013
593,160,139,5,very good product,8/16/2022
594,555,110,3,very good product,8/20/2001
595,548,301,4,amazing,8/4/2005
596,425,115,2,amazing,3/18/2024
597,156,37,2,Useful,3/26/2014
598,745,237,5,lovely,7/12/2019
599,162,290,4,I will buy more,5/30/2012
600,600,210,4,woow,11/23/2011
601,859,399,3,great service,7/17/2016
602,61,159,4,Useful,7/31/2015
603,975,185,4,I will buy more,1/18/2003
604,903,201,3,lovely,9/4/2003
605,315,71,5,great service,7/27/2012
606,970,77,2,great service,10/2/2022
607,842,38,4,I will buy more,5/10/2014
608,43,39,1,very good product,5/3/2006
609,61,7,4,I will buy more,5/27/2008
610,76,26,4,I will buy more,9/10/2015
611,497,250,3,good,3/30/2023
612,752,130,1,great service,1/12/2016
613,85,66,3,very good product,3/25/2016
614,198,194,1,lovely,1/6/2023
615,296,29,3,very good product,7/15/2016
616,198,189,4,lovely,11/13/2022
617,228,136,3,I will buy more,9/14/2007
618,26,214,5,Useful,9/10/2014
619,631,372,3,Useful,6/4/2022
620,924,258,2,great service,5/6/2015
621,551,243,4,great service,10/27/2024
622,964,309,4,good,5/21/2000
623,289,58,2,very good product,1/23/2014
624,118,193,2,woow,12/21/2012
625,957,187,5,lovely,12/31/2023
626,345,173,4,Useful,9/25/2024
627,961,218,4,Useful,3/4/2005
628,212,317,1,lovely,2/4/2007
629,249,123,4,Useful,10/6/2012
630,794,303,3,lovely,7/18/2017
631,463,136,2,good,5/16/2014
632,638,237,2,very good product,6/7/2009
633,217,64,1,lovely,6/4/2007
634,699,219,2,woow,5/8/2011
635,337,234,1,very good product,4/4/2024
636,946,164,5,Useful,8/15/2014
637,616,158,1,good,8/6/2004
638,19,195,2,very good product,9/20/2022
639,911,133,1,amazing,9/14/2003
640,869,243,5,woow,8/13/2008
641,733,51,1,amazing,4/12/2000
642,148,195,5,great service,1/20/2003
643,642,362,4,woow,7/3/2012
644,414,223,5,amazing,8/20/2017
645,946,101,5,I will buy more,12/25/2003
646,996,175,4,good,7/7/2013
647,970,51,3,lovely,10/13/2015
648,94,373,3,lovely,8/14/2010
649,824,189,1,great service,7/4/2010
650,767,29,2,I will buy more,10/11/2014
651,63,373,4,Useful,5/28/2016
652,540,116,3,very good product,11/9/2010
653,33,56,1,I will buy more,11/21/2013
654,154,65,5,lovely,6/9/2011
655,318,204,4,very good product,5/10/2013
656,171,104,2,woow,12/13/2021
657,613,115,1,Useful,2/10/2013
658,123,82,5,lovely,4/3/2022
659,760,16,5,I will buy more,10/23/2001
660,776,96,2,very good product,8/11/2014
661,859,163,5,Useful,7/31/2023
662,566,390,1,very good product,7/31/2016
663,447,256,2,amazing,3/13/2000
664,782,237,3,good,8/12/2004
665,196,238,5,I will buy more,10/23/2011
666,229,163,3,good,8/26/2021
667,603,218,5,I will buy more,3/31/2024
668,434,262,2,great service,7/5/2001
669,823,30,4,Useful,9/5/2002
670,104,366,3,very good product,1/15/2018
671,686,367,5,I will buy more,7/24/2024
672,506,6,2,good,1/8/2017
673,1000,85,3,good,1/14/2014
674,105,33,1,very good product,4/22/2018
675,290,85,2,I will buy more,9/4/2003
676,555,273,2,good,6/1/2016
677,388,15,5,great service,12/29/2014
678,854,43,5,I will buy more,7/19/2009
679,30,286,1,very good product,11/22/2022
680,169,8,5,woow,5/7/2024
681,94,132,4,Useful,3/22/2019
682,67,368,4,woow,5/16/2010
683,998,150,2,good,4/18/2005
684,423,156,3,woow,8/14/2015
685,268,25,2,lovely,2/2/2006
686,475,136,4,Useful,12/3/2022
687,416,320,5,woow,8/16/2014
688,917,226,4,woow,1/21/2024
689,291,366,1,Useful,5/17/2009
690,440,85,4,amazing,8/12/2010
691,61,125,4,Useful,11/11/2014
692,367,312,3,woow,2/10/2013
693,599,342,4,good,2/26/2015
694,49,129,5,good,7/16/2004
695,532,14,3,very good product,9/24/2017
696,391,207,4,I will buy more,2/26/2020
697,836,132,1,great service,3/12/2010
698,429,333,4,I will buy more,8/15/2006
699,805,72,5,woow,10/11/2003
700,993,44,1,amazing,6/29/2018
701,595,54,2,lovely,8/2/2011
702,165,44,5,amazing,3/2/2001
703,104,258,5,amazing,9/29/2003
704,327,50,3,lovely,8/29/2008
705,472,290,5,lovely,11/20/2018
706,66,303,4,woow,3/12/2018
707,600,243,1,I will buy more,10/24/2017
708,932,176,2,very good product,8/23/2023
709,339,135,2,I will buy more,4/6/2000
710,643,158,2,good,11/19/2022
711,338,9,2,woow,1/24/2020
712,295,204,5,good,10/8/2010
713,743,27,4,lovely,12/25/2013
714,660,263,2,very good product,4/30/2011
715,887,19,1,amazing,3/22/2019
716,709,68,1,woow,10/30/2013
717,993,224,5,great service,2/28/2010
718,830,234,1,good,3/27/2009
719,452,228,3,good,7/28/2002
720,162,61,5,great service,5/21/2016
721,714,237,1,lovely,2/3/2013
722,760,347,3,I will buy more,1/10/2019
723,71,32,3,great service,12/14/2011
724,671,116,1,good,7/31/2000
725,128,201,3,good,4/5/2020
726,837,347,1,very good product,2/26/2008
727,687,214,5,I will buy more,1/24/2013
728,20,22,2,good,2/26/2013
729,801,332,2,very good product,3/5/2020
730,218,292,4,Useful,2/23/2009
731,77,92,3,good,8/10/2020
732,735,207,4,very good product,12/10/2005
733,57,260,1,I will buy more,5/12/2021
734,262,174,4,very good product,9/21/2013
735,553,170,4,great service,2/12/2023
736,711,122,4,great service,11/29/2024
737,463,61,2,Useful,7/7/2018
738,26,224,2,I will buy more,8/27/2005
739,103,260,4,amazing,3/6/2015
740,490,67,3,Useful,7/31/2009
741,297,372,4,amazing,5/4/2005
742,844,123,3,woow,11/12/2009
743,476,122,4,great service,5/29/2002
744,898,71,5,woow,5/15/2002
745,541,123,5,amazing,2/22/2012
746,475,161,4,woow,4/11/2018
747,805,123,2,woow,9/11/2010
748,64,290,1,woow,1/18/2011
749,753,143,3,great service,9/16/2001
750,65,101,5,good,1/22/2013
751,292,181,2,Useful,3/27/2008
752,627,286,2,Useful,10/2/2015
753,993,318,5,woow,9/2/2016
754,205,247,1,good,10/8/2021
755,808,126,4,I will buy more,3/19/2001
756,370,311,5,I will buy more,12/9/2008
757,271,156,4,good,6/20/2010
758,402,143,3,I will buy more,9/1/2022
759,43,297,2,amazing,12/12/2002
760,377,150,4,woow,6/24/2002
761,122,105,3,very good product,8/28/2014
762,125,294,2,Useful,2/2/2013
763,480,310,2,great service,9/16/2003
764,78,280,2,very good product,11/15/2009
765,738,143,2,Useful,1/26/2009
766,680,332,3,great service,9/13/2007
767,447,193,5,lovely,6/9/2005
768,705,376,4,great service,4/12/2003
769,744,3,1,good,9/3/2010
770,729,214,5,woow,7/30/2013
771,644,323,1,great service,12/11/2009
772,462,127,3,Useful,6/23/2000
773,477,224,1,woow,11/20/2022
774,409,210,3,I will buy more,9/11/2013
775,853,400,3,very good product,2/23/2000
776,511,349,5,lovely,2/24/2003
777,886,328,1,woow,7/2/2009
778,39,289,1,lovely,7/24/2003
779,793,304,2,Useful,2/1/2024
780,754,253,3,woow,3/24/2009
781,570,262,1,lovely,4/13/2010
782,858,34,4,lovely,12/13/2021
783,1000,14,2,very good product,9/25/2009
784,861,288,2,very good product,10/27/2013
785,402,243,5,Useful,1/5/2002
786,160,195,2,amazing,11/29/2002
787,682,67,3,good,2/17/2013
788,840,14,4,woow,5/26/2005
789,608,199,1,I will buy more,6/25/2021
790,176,157,2,good,8/22/2010
791,328,298,3,amazing,8/20/2020
792,88,209,5,I will buy more,5/12/2000
793,363,380,1,very good product,1/8/2007
794,788,33,2,I will buy more,10/27/2008
795,561,201,4,I will buy more,8/14/2002
796,502,298,4,amazing,11/16/2000
797,289,388,5,amazing,8/25/2022
798,147,344,1,good,10/7/2023
799,60,245,3,I will buy more,8/29/2003
800,202,382,4,I will buy more,3/11/2017
801,262,1,3,very good product,1/10/2020
802,317,87,2,amazing,11/11/2009
803,623,145,1,Useful,11/6/2015
804,589,75,4,good,11/2/2021
805,651,49,1,amazing,6/30/2021
806,827,392,4,lovely,8/4/2022
807,938,69,1,good,1/26/2016
808,817,400,5,I will buy more,7/29/2018
809,483,182,2,I will buy more,6/22/2006
810,422,242,5,woow,3/25/2018
811,258,199,2,very good product,9/5/2017
812,789,122,5,amazing,7/18/2001
813,135,131,5,woow,2/4/2010
814,400,397,3,great service,8/12/2011
815,504,69,1,very good product,5/27/2006
816,388,384,3,amazing,11/2/2016
817,209,331,3,Useful,2/9/2011
818,677,48,4,Useful,12/30/2019
819,316,111,1,lovely,10/6/2008
820,879,165,2,very good product,1/31/2019
821,810,267,4,amazing,2/7/2021
822,295,75,2,very good product,5/9/2000
823,50,388,2,amazing,8/18/2022
824,392,201,1,woow,4/15/2011
825,549,56,1,good,8/26/2024
826,526,199,1,very good product,5/6/2002
827,711,99,4,Useful,1/15/2010
828,211,93,1,amazing,7/29/2007
829,490,311,2,amazing,6/21/2015
830,989,50,2,woow,5/24/2010
831,584,280,2,woow,4/17/2021
832,797,313,1,very good product,2/4/2014
833,781,200,3,lovely,12/10/2004
834,858,265,3,I will buy more,6/13/2012
835,782,400,2,lovely,9/19/2019
836,881,5,5,lovely,11/24/2023
837,846,247,5,woow,4/2/2023
838,324,21,4,Useful,4/2/2012
839,118,72,2,amazing,4/13/2021
840,301,150,3,lovely,6/5/2022
841,263,33,2,very good product,10/8/2003
842,955,334,5,lovely,11/21/2000
843,495,42,3,very good product,4/17/2016
844,759,365,1,woow,2/19/2021
845,357,7,4,good,6/22/2021
846,296,12,2,amazing,3/15/2019
847,551,126,1,I will buy more,10/18/2024
848,399,246,2,lovely,8/2/2000
849,586,97,2,Useful,4/26/2007
850,654,274,2,very good product,5/20/2010
851,728,76,1,amazing,5/19/2020
852,454,280,2,woow,6/30/2008
853,758,147,3,good,4/9/2012
854,826,109,5,amazing,3/10/2005
855,41,279,5,great service,5/3/2006
856,643,174,2,amazing,10/23/2008
857,287,116,1,great service,3/22/2016
858,368,171,1,great service,12/31/2021
859,311,395,1,I will buy more,6/27/2007
860,787,276,5,lovely,3/12/2022
861,66,316,3,lovely,12/9/2006
862,959,155,1,woow,6/12/2015
863,138,151,1,great service,11/18/2024
864,859,290,1,great service,1/24/2002
865,488,213,1,woow,7/25/2023
866,846,146,5,good,4/26/2021
867,174,223,3,good,12/23/2015
868,107,318,2,very good product,4/26/2016
869,694,57,3,woow,1/8/2013
870,386,220,4,woow,5/23/2011
871,603,156,1,good,6/7/2008
872,955,308,4,very good product,8/3/2002
873,908,53,2,very good product,1/29/2015
874,429,361,5,very good product,10/19/2015
875,180,304,5,Useful,11/20/2000
876,520,95,2,amazing,8/4/2009
877,353,327,1,I will buy more,4/29/2004
878,94,78,5,very good product,2/10/2013
879,552,339,5,lovely,4/23/2005
880,401,111,2,very good product,5/1/2019
881,102,83,4,lovely,6/4/2020
882,873,345,5,lovely,10/23/2024
883,238,312,1,Useful,7/8/2001
884,25,351,5,I will buy more,3/16/2021
885,879,344,3,I will buy more,3/10/2012
886,876,10,2,great service,10/14/2012
887,896,22,3,lovely,7/5/2005
888,40,239,1,woow,3/28/2010
889,400,353,3,good,8/17/2024
890,613,201,3,Useful,8/2/2000
891,753,101,3,very good product,7/18/2021
892,24,393,3,great service,10/25/2006
893,136,253,1,very good product,9/23/2019
894,646,187,4,very good product,11/6/2001
895,936,93,2,very good product,9/7/2008
896,386,133,5,great service,12/30/2016
897,80,171,5,great service,2/4/2005
898,903,3,5,lovely,11/19/2008
899,160,321,2,woow,1/31/2008
900,179,362,4,woow,10/21/2018
901,476,130,3,lovely,7/17/2017
902,969,338,2,Useful,10/27/2000
903,961,208,3,I will buy more,12/31/2012
904,707,222,1,very good product,2/14/2019
905,769,186,3,good,2/18/2022
906,734,78,5,good,4/3/2014
907,614,134,3,amazing,10/23/2000
908,599,69,4,amazing,5/16/2020
909,255,82,2,woow,1/2/2004
910,552,51,4,I will buy more,8/4/2000
911,349,29,4,good,5/11/2019
912,99,179,3,woow,11/18/2023
913,458,118,5,very good product,10/25/2010
914,488,110,1,great service,8/11/2011
915,867,216,3,lovely,6/10/2010
916,852,304,3,Useful,8/5/2014
917,216,86,5,very good product,10/11/2011
918,522,208,5,great service,5/4/2014
919,484,236,2,very good product,12/27/2008
920,821,369,4,great service,9/28/2007
921,657,34,1,lovely,1/13/2017
922,474,24,2,lovely,3/4/2019
923,584,301,5,very good product,8/27/2022
924,218,41,5,good,4/15/2017
925,41,69,4,Useful,10/15/2010
926,805,197,3,Useful,11/27/2011
927,48,34,2,good,10/31/2018
928,876,311,3,woow,6/17/2012
929,540,15,2,amazing,10/24/2018
930,77,371,1,woow,4/19/2015
931,374,393,4,woow,2/6/2017
932,458,54,5,amazing,12/5/2000
933,662,244,3,amazing,5/24/2009
934,270,336,5,Useful,9/16/2022
935,563,312,2,very good product,4/8/2009
936,957,273,2,woow,8/14/2022
937,873,236,4,lovely,1/15/2011
938,191,114,3,lovely,9/11/2003
939,463,218,1,amazing,11/10/2007
940,827,136,4,very good product,10/7/2013
941,542,284,1,great service,2/1/2004
942,377,261,3,amazing,4/30/2011
943,823,345,2,amazing,1/28/2016
944,448,342,2,very good product,3/27/2018
945,417,309,2,good,9/20/2022
946,78,323,5,very good product,12/2/2013
947,689,303,5,very good product,2/18/2024
948,576,47,3,Useful,2/8/2005
949,70,15,2,very good product,10/28/2002
950,256,165,5,woow,11/15/2016
951,214,74,3,I will buy more,12/20/2009
952,55,127,2,amazing,6/29/2014
953,746,367,3,woow,2/27/2022
954,758,150,4,good,3/4/2009
955,77,288,3,woow,3/18/2021
956,705,118,3,great service,5/23/2008
957,82,155,3,good,11/30/2004
958,73,362,4,amazing,1/31/2000
959,397,112,2,woow,12/28/2010
960,616,202,1,lovely,6/7/2020
961,163,6,1,amazing,12/23/2015
962,867,341,3,very good product,4/14/2010
963,880,386,5,lovely,7/27/2017
964,998,152,5,great service,8/6/2022
965,228,395,1,lovely,10/24/2009
966,995,394,3,amazing,1/1/2000
967,916,84,4,lovely,6/24/2011
968,430,25,1,lovely,11/15/2007
969,39,164,2,very good product,4/13/2012
970,628,161,3,very good product,6/28/2009
971,600,269,2,woow,6/12/2016
972,85,56,3,great service,10/4/2021
973,472,383,4,great service,8/6/2012
974,810,178,2,very good product,6/22/2000
975,213,66,2,Useful,8/24/2013
976,759,354,2,woow,7/30/2003
977,219,299,2,good,7/12/2020
978,955,272,1,very good product,3/7/2019
979,928,152,4,lovely,2/12/2015
980,508,279,1,woow,6/23/2015
981,778,286,2,great service,6/11/2015
982,502,288,1,lovely,10/27/2013
983,199,196,4,good,3/1/2013
984,855,382,5,woow,7/16/2013
985,629,26,1,good,8/10/2019
986,861,283,4,great service,2/5/2023
987,95,168,3,good,11/2/2019
988,448,162,1,Useful,10/25/2000
989,708,180,1,I will buy more,3/28/2001
990,834,211,4,amazing,2/23/2002
991,472,377,5,I will buy more,9/18/2024
992,853,204,3,amazing,8/27/2023
993,479,2,3,Useful,5/18/2008
994,701,373,3,Useful,10/5/2018
995,96,71,3,Useful,4/5/2006
996,712,354,4,amazing,1/2/2021
997,526,380,5,Useful,7/29/2017
998,910,68,3,amazing,8/14/2009
999,125,228,1,amazing,1/11/2018
1000,9,303,5,I will buy more,3/20/2000
1001,578,39,3,I will buy more,9/3/2012
1002,627,352,3,I will buy more,4/9/2003
1003,666,185,4,great service,4/10/2018
1004,352,247,4,lovely,6/30/2021
1005,7,171,1,I will buy more,2/19/2021
1006,859,65,4,great service,2/14/2023
1007,777,132,3,Useful,12/24/2023
1008,935,100,1,very good product,4/26/2006
1009,665,107,2,I will buy more,12/22/2008
1010,67,95,3,I will buy more,2/22/2011
1011,317,83,4,amazing,10/3/2005
1012,419,101,1,lovely,11/8/2013
1013,660,340,4,I will buy more,10/21/2024
1014,483,94,1,amazing,8/15/2017
1015,115,67,4,amazing,12/24/2020
1016,311,303,1,great service,7/16/2002
1017,353,326,2,great service,7/11/2018
1018,330,85,2,great service,11/8/2009
1019,8,64,2,very good product,7/28/2011
1020,201,302,2,Useful,10/5/2001
1021,825,382,2,I will buy more,7/14/2011
1022,275,63,1,very good product,12/31/2012
1023,985,117,3,very good product,6/4/2008
1024,656,133,2,lovely,12/25/2012
1025,120,136,1,good,6/15/2024
1026,814,326,2,great service,7/16/2014
1027,233,313,5,amazing,5/21/2008
1028,46,13,5,Useful,12/30/2015
1029,814,43,5,amazing,12/19/2002
1030,64,24,2,amazing,4/3/2003
1031,720,292,5,great service,12/1/2020
1032,592,107,1,great service,3/8/2010
1033,226,101,3,good,6/8/2024
1034,673,179,2,I will buy more,1/10/2016
1035,679,22,4,woow,12/18/2004
1036,622,293,4,good,12/30/2022
1037,563,377,3,woow,12/10/2011
1038,607,169,2,great service,11/16/2017
1039,825,159,4,very good product,2/15/2021
1040,553,235,1,great service,7/20/2022
1041,438,76,5,lovely,8/9/2007
1042,499,338,4,very good product,2/13/2013
1043,904,82,5,great service,9/24/2003
1044,964,288,5,woow,9/23/2011
1045,639,347,3,great service,1/27/2014
1046,406,73,3,Useful,6/22/2008
1047,703,199,5,lovely,8/23/2013
1048,302,368,4,woow,2/17/2000
1049,555,286,2,I will buy more,9/12/2008
1050,629,202,5,I will buy more,10/2/2022
1051,704,263,3,amazing,7/12/2016
1052,749,306,5,lovely,10/31/2001
1053,431,93,5,woow,6/29/2021
1054,485,383,4,lovely,8/19/2009
1055,359,63,1,woow,2/28/2002
1056,307,260,5,Useful,6/21/2016
1057,518,176,3,woow,9/14/2002
1058,417,377,4,lovely,11/30/2014
1059,317,210,5,amazing,7/8/2016
1060,8,357,2,great service,10/24/2022
1061,793,372,5,Useful,9/28/2004
1062,720,388,1,woow,10/8/2017
1063,935,314,4,amazing,5/28/2007
1064,622,164,4,lovely,11/1/2022
1065,976,91,1,good,10/19/2011
1066,659,270,4,woow,10/30/2007
1067,391,200,5,very good product,6/29/2022
1068,768,230,3,very good product,4/3/2015
1069,461,206,4,I will buy more,6/8/2019
1070,303,383,2,great service,8/21/2004
1071,568,179,2,lovely,5/24/2000
1072,505,263,4,amazing,11/20/2005
1073,219,101,5,woow,9/25/2011
1074,468,154,5,very good product,6/5/2011
1075,279,185,4,I will buy more,9/9/2006
1076,691,13,4,I will buy more,7/23/2021
1077,867,397,2,I will buy more,5/14/2004
1078,92,70,2,great service,1/2/2018
1079,243,101,3,I will buy more,2/25/2018
1080,775,333,4,Useful,10/14/2008
1081,359,287,5,lovely,8/17/2003
1082,778,16,5,lovely,3/7/2023
1083,994,146,2,very good product,1/31/2008
1084,527,333,1,great service,10/1/2003
1085,29,207,4,I will buy more,1/8/2007
1086,118,62,2,very good product,8/3/2010
1087,626,233,3,amazing,7/29/2008
1088,244,160,2,Useful,6/12/2012
1089,809,222,4,good,7/6/2011
1090,413,37,4,woow,1/6/2014
1091,128,114,4,amazing,12/20/2000
1092,206,13,5,amazing,11/19/2020
1093,36,170,4,woow,9/27/2014
1094,380,396,3,lovely,7/5/2007
1095,255,271,1,very good product,6/6/2012
1096,565,368,1,lovely,6/11/2024
1097,356,156,4,lovely,11/14/2016
1098,286,75,2,I will buy more,11/11/2017
1099,819,273,1,Useful,9/29/2020
1100,849,258,4,great service,1/24/2007
1101,943,89,1,amazing,1/3/2005
1102,39,346,5,lovely,11/7/2017
1103,456,179,3,woow,10/22/2012
1104,283,193,1,woow,3/18/2022
1105,806,373,2,I will buy more,10/4/2000
1106,453,83,4,very good product,2/18/2004
1107,558,87,4,I will buy more,3/6/2019
1108,126,326,3,good,1/5/2009
1109,838,143,2,woow,12/6/2019
1110,949,107,2,Useful,12/26/2007
1111,356,270,2,I will buy more,11/17/2004
1112,245,116,1,woow,9/26/2018
1113,550,366,3,amazing,11/10/2022
1114,384,115,1,good,8/4/2024
1115,774,368,3,Useful,4/21/2009
1116,187,229,4,Useful,11/25/2002
1117,521,316,4,I will buy more,5/5/2000
1118,978,184,2,very good product,3/17/2014
1119,110,38,2,good,8/12/2019
1120,793,312,2,great service,1/29/2017
1121,376,39,4,great service,3/1/2005
1122,666,153,2,good,12/28/2019
1123,841,58,5,Useful,8/16/2004
1124,186,79,5,great service,7/23/2013
1125,798,339,4,amazing,12/16/2016
1126,712,179,5,good,10/31/2015
1127,501,296,1,I will buy more,2/28/2006
1128,532,323,2,Useful,6/12/2017
1129,768,45,2,Useful,1/24/2021
1130,211,188,5,great service,1/7/2024
1131,32,381,4,Useful,4/11/2000
1132,194,303,4,woow,8/30/2016
1133,220,231,5,woow,9/17/2021
1134,151,86,4,great service,11/20/2022
1135,113,270,4,Useful,11/5/2007
1136,841,352,1,lovely,4/21/2017
1137,300,292,4,good,12/24/2007
1138,447,302,4,amazing,12/25/2013
1139,132,364,1,good,12/19/2012
1140,836,191,1,I will buy more,10/19/2005
1141,556,170,3,great service,3/12/2013
1142,597,72,4,great service,12/4/2023
1143,72,256,4,I will buy more,5/1/2000
1144,86,336,5,Useful,11/28/2016
1145,73,6,3,great service,3/15/2000
1146,163,166,2,amazing,8/8/2012
1147,262,318,1,very good product,11/18/2024
1148,838,233,5,very good product,12/31/2016
1149,678,16,4,very good product,7/5/2015
1150,796,80,3,great service,11/7/2013
1151,222,323,1,very good product,1/13/2013
1152,728,279,2,I will buy more,5/17/2006
1153,947,141,2,Useful,10/27/2018
1154,855,85,5,woow,10/4/2019
1155,666,18,1,woow,6/6/2015
1156,291,43,1,I will buy more,7/27/2012
1157,382,45,4,great service,9/23/2006
1158,106,60,1,I will buy more,12/12/2012
1159,393,371,4,good,3/23/2008
1160,131,315,3,very good product,6/30/2006
1161,259,13,4,good,5/6/2016
1162,607,72,2,good,12/20/2017
1163,849,398,4,woow,11/1/2009
1164,988,273,4,very good product,7/3/2023
1165,750,122,1,great service,6/3/2005
1166,218,84,2,good,5/17/2012
1167,893,400,4,lovely,8/22/2011
1168,68,174,4,Useful,8/23/2023
1169,624,295,5,I will buy more,11/11/2018
1170,156,60,5,amazing,10/21/2019
1171,212,246,3,woow,9/18/2011
1172,722,18,5,lovely,4/15/2009
1173,666,143,5,lovely,10/31/2009
1174,641,244,3,good,9/21/2002
1175,510,362,5,very good product,1/3/2004
1176,19,348,2,lovely,11/9/2003
1177,865,181,1,amazing,9/16/2015
1178,528,302,1,Useful,5/18/2006
1179,670,210,1,great service,9/18/2023
1180,252,141,1,great service,2/2/2015
1181,629,148,3,Useful,11/19/2012
1182,649,135,1,amazing,1/27/2002
1183,589,187,5,great service,7/26/2004
1184,731,116,3,good,11/3/2019
1185,422,257,3,I will buy more,7/9/2024
1186,92,51,3,woow,2/18/2016
1187,291,312,5,good,1/15/2014
1188,172,78,5,good,1/4/2004
1189,92,7,3,woow,8/4/2006
1190,895,369,2,Useful,9/25/2021
1191,445,110,2,amazing,7/23/2007
1192,242,146,2,lovely,5/6/2018
1193,462,244,3,amazing,10/30/2018
1194,821,287,4,Useful,2/19/2003
1195,319,224,4,very good product,2/27/2019
1196,631,69,4,amazing,6/5/2002
1197,166,298,5,great service,8/14/2012
1198,336,382,3,woow,8/29/2014
1199,949,117,5,good,9/17/2010
1200,438,95,3,good,12/18/2002
1201,988,83,2,lovely,5/4/2017
1202,234,273,5,very good product,6/10/2003
1203,454,143,4,woow,5/20/2009
1204,564,387,1,lovely,11/11/2015
1205,435,332,1,good,3/2/2022
1206,781,252,2,woow,10/7/2024
1207,744,117,1,good,11/28/2001
1208,301,144,5,I will buy more,3/1/2000
1209,321,352,2,Useful,11/4/2013
1210,756,225,1,I will buy more,3/19/2013
1211,462,243,3,good,11/5/2016
1212,607,350,1,very good product,4/29/2014
1213,752,29,1,very good product,5/15/2001
1214,855,236,2,Useful,2/5/2004
1215,654,282,2,amazing,3/16/2001
1216,414,187,4,Useful,1/9/2022
1217,377,265,1,Useful,11/4/2003
1218,876,70,3,woow,4/13/2003
1219,612,289,2,amazing,4/22/2000
1220,209,41,1,I will buy more,9/15/2001
1221,17,25,4,good,3/20/2001
1222,933,353,5,great service,9/28/2002
1223,665,359,4,very good product,9/10/2001
1224,965,327,1,lovely,11/24/2013
1225,65,171,1,great service,12/27/2016
1226,504,115,3,great service,6/20/2008
1227,581,173,3,lovely,1/15/2012
1228,556,333,4,lovely,2/25/2020
1229,950,47,5,amazing,6/19/2023
1230,497,190,1,great service,6/7/2017
1231,476,130,4,Useful,10/5/2000
1232,527,114,2,great service,7/27/2015
1233,747,245,5,good,1/9/2017
1234,353,6,3,woow,4/16/2018
1235,589,340,4,I will buy more,5/7/2020
1236,1,50,3,Useful,3/22/2002
1237,793,233,3,good,7/15/2016
1238,937,1,3,lovely,2/4/2005
1239,670,153,1,Useful,5/22/2010
1240,41,259,4,amazing,11/6/2010
1241,740,325,3,lovely,9/17/2003
1242,461,166,5,amazing,6/25/2001
1243,814,297,2,amazing,10/14/2003
1244,828,92,5,lovely,4/25/2018
1245,104,101,2,woow,2/15/2012
1246,367,123,4,very good product,2/28/2007
1247,744,105,4,Useful,12/15/2008
1248,366,236,3,Useful,3/28/2009
1249,389,174,3,very good product,10/17/2016
1250,148,27,3,I will buy more,8/23/2013
1251,499,276,4,lovely,5/29/2020
1252,678,319,3,very good product,4/23/2013
1253,40,70,3,lovely,2/1/2006
1254,962,174,3,great service,10/27/2002
1255,99,226,3,I will buy more,8/24/2017
1256,977,10,2,lovely,11/19/2010
1257,430,199,1,good,8/30/2019
1258,562,36,4,very good product,9/17/2009
1259,371,256,1,I will buy more,11/23/2023
1260,627,57,3,good,11/18/2013
1261,399,96,2,very good product,10/24/2009
1262,772,394,4,I will buy more,6/19/2021
1263,971,391,2,amazing,4/1/2009
1264,855,311,5,amazing,9/30/2000
1265,313,76,3,amazing,9/28/2017
1266,21,349,1,lovely,11/21/2017
1267,651,121,4,amazing,11/3/2019
1268,761,292,4,I will buy more,3/24/2011
1269,493,400,3,I will buy more,2/15/2004
1270,84,93,3,woow,8/3/2022
1271,994,46,4,great service,8/20/2005
1272,388,152,5,woow,5/12/2018
1273,981,34,3,I will buy more,7/11/2014
1274,657,109,5,woow,8/10/2008
1275,943,191,5,great service,3/26/2017
1276,794,278,2,very good product,9/13/2003
1277,872,259,2,very good product,8/21/2022
1278,460,386,5,very good product,2/3/2018
1279,199,187,5,lovely,2/3/2019
1280,793,103,4,great service,1/28/2002
1281,143,317,2,Useful,6/14/2017
1282,526,212,1,good,4/1/2008
1283,226,396,1,amazing,10/17/2002
1284,162,289,1,great service,3/24/2022
1285,20,147,5,amazing,9/22/2014
1286,860,360,5,very good product,3/21/2024
1287,642,278,2,great service,11/7/2018
1288,88,235,2,I will buy more,11/1/2006
1289,812,333,3,Useful,10/11/2005
1290,235,150,4,amazing,3/4/2018
1291,493,208,4,Useful,10/5/2017
1292,980,21,1,good,7/9/2014
1293,516,384,4,great service,5/1/2023
1294,622,222,5,Useful,4/21/2002
1295,237,386,1,woow,1/17/2003
1296,334,362,1,woow,8/27/2013
1297,377,12,4,good,4/19/2007
1298,330,378,2,good,3/9/2004
1299,639,293,2,lovely,7/26/2003
1300,545,77,3,I will buy more,11/3/2024
1301,525,393,3,very good product,6/29/2002
1302,839,124,3,lovely,8/23/2003
1303,95,391,4,Useful,11/4/2023
1304,754,123,2,lovely,7/1/2007
1305,663,280,1,Useful,12/15/2020
1306,541,366,3,Useful,11/12/2015
1307,170,70,2,Useful,1/20/2007
1308,192,296,4,lovely,12/7/2000
1309,372,239,4,great service,7/23/2024
1310,923,374,4,amazing,6/20/2008
1311,875,383,3,great service,7/28/2016
1312,849,337,4,great service,4/13/2002
1313,343,87,1,amazing,4/1/2004
1314,706,24,5,Useful,5/8/2018
1315,945,259,4,woow,12/30/2006
1316,430,233,4,great service,1/6/2024
1317,303,257,2,very good product,1/2/2013
1318,643,329,4,good,1/27/2013
1319,234,399,2,amazing,11/2/2001
1320,75,6,4,lovely,8/28/2018
1321,421,317,1,good,9/12/2018
1322,360,70,3,great service,10/6/2021
1323,622,376,3,great service,1/25/2021
1324,622,170,3,I will buy more,5/17/2001
1325,364,335,1,Useful,11/3/2005
1326,152,393,2,I will buy more,11/9/2003
1327,187,75,4,great service,10/24/2004
1328,25,248,4,lovely,10/23/2006
1329,484,330,5,I will buy more,10/6/2002
1330,128,159,5,woow,6/24/2016
1331,596,107,5,amazing,7/7/2002
1332,290,266,3,good,5/10/2018
1333,514,109,4,I will buy more,11/11/2003
1334,57,209,2,I will buy more,8/20/2017
1335,698,145,3,I will buy more,11/3/2000
1336,219,274,5,amazing,5/17/2024
1337,347,28,4,lovely,10/23/2014
1338,569,357,1,good,9/21/2005
1339,302,187,5,very good product,4/30/2019
1340,987,124,5,very good product,5/18/2021
1341,335,175,1,woow,8/28/2017
1342,717,272,4,I will buy more,4/16/2013
1343,659,367,3,lovely,2/20/2011
1344,133,103,5,Useful,8/22/2001
1345,734,44,5,very good product,2/12/2010
1346,893,294,1,Useful,6/22/2011
1347,679,334,2,Useful,6/30/2022
1348,812,241,5,Useful,4/26/2012
1349,657,170,5,good,11/12/2016
1350,741,396,2,Useful,6/25/2003
1351,959,200,2,lovely,9/21/2014
1352,941,391,1,very good product,8/29/2016
1353,984,224,1,amazing,1/30/2023
1354,322,306,1,amazing,2/7/2017
1355,816,165,1,good,4/7/2020
1356,759,65,4,great service,4/5/2001
1357,292,333,2,very good product,10/7/2003
1358,379,11,3,great service,9/27/2012
1359,481,114,4,woow,8/15/2008
1360,989,120,3,Useful,2/11/2016
1361,161,40,5,Useful,11/24/2024
1362,484,358,1,very good product,1/23/2018
1363,359,146,2,lovely,11/24/2002
1364,413,391,1,very good product,5/15/2018
1365,443,373,1,good,7/4/2013
1366,358,172,5,Useful,11/22/2006
1367,528,393,1,Useful,12/22/2001
1368,831,67,4,I will buy more,5/29/2022
1369,837,247,5,woow,6/2/2023
1370,537,244,5,good,6/16/2011
1371,12,229,1,good,6/12/2006
1372,386,285,4,I will buy more,6/29/2003
1373,392,89,1,good,9/8/2014
1374,805,372,1,amazing,6/6/2003
1375,952,245,1,I will buy more,5/21/2024
1376,541,375,3,woow,5/11/2019
1377,623,70,1,Useful,12/9/2010
1378,621,69,2,I will buy more,8/6/2023
1379,336,68,4,good,7/7/2019
1380,409,128,2,amazing,2/9/2018
1381,349,52,4,good,2/13/2006
1382,282,188,2,great service,3/12/2010
1383,607,8,2,Useful,7/22/2024
1384,468,293,1,very good product,12/12/2013
1385,915,24,4,very good product,7/1/2014
1386,587,336,2,Useful,9/17/2022
1387,379,274,2,very good product,12/26/2006
1388,533,274,3,lovely,3/1/2002
1389,299,185,3,very good product,11/20/2001
1390,814,85,5,I will buy more,8/28/2004
1391,325,245,5,Useful,6/12/2022
1392,895,5,2,woow,11/15/2017
1393,971,163,4,amazing,10/9/2020
1394,273,336,3,great service,4/3/2007
1395,61,198,3,woow,9/23/2003
1396,823,104,1,great service,9/12/2018
1397,918,187,3,Useful,4/17/2024
1398,829,117,4,great service,2/27/2005
1399,179,21,5,woow,2/8/2004
1400,110,184,3,amazing,8/14/2015
1401,5,191,3,amazing,9/6/2018
1402,977,324,1,lovely,4/9/2004
1403,144,177,3,very good product,7/23/2023
1404,626,207,3,amazing,1/15/2021
1405,767,138,3,Useful,9/13/2021
1406,627,65,5,very good product,11/16/2014
1407,562,31,3,good,3/7/2015
1408,747,335,2,I will buy more,8/9/2003
1409,435,62,2,woow,5/9/2010
1410,988,309,1,very good product,4/15/2008
1411,699,189,5,great service,12/21/2014
1412,872,37,1,very good product,10/28/2010
1413,295,347,5,I will buy more,9/28/2015
1414,125,131,1,woow,11/10/2007
1415,975,363,1,good,4/17/2021
1416,333,226,3,woow,8/4/2011
1417,533,260,1,very good product,3/16/2008
1418,258,292,2,lovely,8/2/2011
1419,312,224,1,Useful,4/24/2013
1420,251,157,4,woow,12/20/2002
1421,9,62,3,I will buy more,8/31/2012
1422,361,279,2,good,3/11/2018
1423,651,300,1,amazing,8/8/2019
1424,969,91,1,lovely,8/27/2016
1425,885,382,5,good,5/16/2008
1426,84,146,3,I will buy more,8/1/2020
1427,953,92,1,lovely,5/16/2024
1428,924,399,4,Useful,12/8/2011
1429,352,389,5,I will buy more,6/24/2001
1430,37,48,5,woow,7/2/2010
1431,462,314,2,very good product,1/20/2007
1432,221,220,4,very good product,10/26/2009
1433,104,200,2,lovely,4/1/2012
1434,165,167,4,great service,11/25/2022
1435,106,10,4,very good product,8/13/2011
1436,417,249,4,I will buy more,10/22/2008
1437,189,332,2,I will buy more,1/11/2015
1438,756,37,1,woow,7/6/2024
1439,67,163,5,great service,3/10/2004
1440,785,306,5,I will buy more,8/11/2008
1441,385,8,2,lovely,1/18/2021
1442,508,122,4,woow,8/4/2016
1443,731,12,4,lovely,4/2/2011
1444,562,368,1,Useful,4/16/2021
1445,549,226,1,lovely,2/16/2014
1446,149,223,3,Useful,7/24/2005
1447,621,309,5,woow,10/5/2015
1448,763,198,5,great service,6/14/2005
1449,341,83,2,good,12/19/2016
1450,252,239,3,Useful,2/15/2017
1451,145,149,1,woow,11/21/2013
1452,889,254,4,amazing,4/19/2008
1453,885,5,4,good,6/29/2004
1454,532,382,3,lovely,7/26/2021
1455,408,330,2,lovely,12/13/2002
1456,725,49,2,good,8/12/2019
1457,777,346,4,amazing,1/15/2022
1458,217,237,3,great service,5/6/2022
1459,389,115,3,great service,9/12/2010
1460,354,123,2,amazing,10/22/2020
1461,583,316,3,Useful,12/26/2019
1462,760,243,2,great service,1/7/2009
1463,331,96,3,amazing,2/12/2009
1464,150,114,5,amazing,3/20/2010
1465,486,215,4,Useful,5/1/2012
1466,620,69,2,great service,5/26/2017
1467,119,237,4,great service,7/1/2018
1468,838,37,5,lovely,10/30/2019
1469,280,396,2,lovely,3/22/2018
1470,893,74,5,very good product,5/21/2005
1471,288,227,5,very good product,11/27/2005
1472,909,372,4,amazing,5/26/2014
1473,973,190,1,very good product,7/6/2014
1474,167,353,4,Useful,10/29/2023
1475,388,336,2,woow,11/8/2022
1476,319,50,4,very good product,8/13/2006
1477,24,290,3,very good product,10/21/2008
1478,407,260,5,amazing,8/24/2019
1479,63,79,2,woow,5/19/2022
1480,142,351,5,good,3/2/2024
1481,675,67,1,Useful,1/11/2019
1482,141,197,2,very good product,5/1/2006
1483,828,41,2,amazing,6/16/2004
1484,461,360,4,great service,7/10/2015
1485,283,336,3,amazing,11/14/2012
1486,338,299,1,woow,5/13/2012
1487,193,180,3,amazing,4/29/2006
1488,56,61,5,lovely,9/7/2002
1489,656,10,2,great service,10/16/2009
1490,540,392,3,woow,2/21/2022
1491,553,69,4,great service,12/23/2006
1492,861,394,1,woow,10/6/2001
1493,496,353,1,woow,4/25/2008
1494,973,218,4,Useful,8/21/2000
1495,651,191,2,lovely,5/5/2013
1496,176,275,3,amazing,1/15/2018
1497,832,280,2,very good product,2/15/2012
1498,440,167,1,great service,11/16/2022
1499,545,230,3,amazing,3/28/2019
1500,33,339,2,amazing,5/28/2023
1501,203,125,5,amazing,6/2/2017
1502,439,65,1,woow,6/26/2017
1503,933,300,5,lovely,12/22/2014
1504,723,101,3,amazing,9/13/2023
1505,565,319,3,woow,8/6/2003
1506,925,215,1,lovely,7/20/2011
1507,515,55,2,woow,1/27/2020
1508,371,130,4,I will buy more,6/11/2024
1509,410,44,4,woow,7/11/2001
1510,729,97,4,I will buy more,6/29/2019
1511,232,343,3,Useful,3/20/2007
1512,447,149,3,good,11/27/2011
1513,234,303,4,I will buy more,12/15/2001
1514,923,156,3,woow,9/10/2004
1515,453,88,2,I will buy more,6/11/2023
1516,831,233,5,great service,8/15/2020
1517,748,355,5,I will buy more,6/16/2013
1518,911,227,5,good,8/4/2006
1519,310,150,2,amazing,10/26/2015
1520,285,364,3,good,9/23/2003
1521,249,12,1,good,8/26/2024
1522,647,96,2,very good product,4/11/2023
1523,113,145,3,very good product,6/21/2021
1524,518,124,1,lovely,11/10/2024
1525,489,377,1,very good product,10/1/2004
1526,562,17,1,woow,4/11/2019
1527,777,239,2,very good product,7/11/2007
1528,71,194,3,woow,7/12/2024
1529,748,379,2,great service,8/9/2011
1530,153,173,4,Useful,11/19/2022
1531,133,322,4,lovely,10/25/2013
1532,169,335,1,lovely,9/27/2009
1533,446,333,5,lovely,6/22/2016
1534,898,352,4,very good product,2/26/2024
1535,948,75,2,good,4/2/2019
1536,120,91,3,lovely,10/7/2016
1537,245,120,5,amazing,12/20/2012
1538,180,360,4,very good product,3/17/2011
1539,270,65,1,great service,12/7/2012
1540,695,25,1,great service,12/2/2018
1541,499,248,2,great service,9/9/2003
1542,922,273,5,great service,12/3/2001
1543,394,79,1,woow,3/19/2012
1544,928,90,1,great service,10/5/2022
1545,325,142,4,lovely,6/17/2020
1546,646,38,4,great service,2/25/2009
1547,921,320,3,I will buy more,10/25/2009
1548,619,270,1,good,11/19/2024
1549,171,153,4,great service,6/29/2024
1550,223,397,2,I will buy more,4/25/2019
1551,642,96,5,I will buy more,7/24/2020
1552,912,94,2,I will buy more,1/26/2009
1553,565,288,1,Useful,5/2/2001
1554,555,384,1,very good product,1/23/2015
1555,906,260,5,Useful,12/1/2001
1556,872,73,1,amazing,8/27/2009
1557,716,266,5,amazing,3/26/2013
1558,65,321,1,great service,12/20/2000
1559,613,272,1,lovely,1/6/2007
1560,764,164,2,Useful,2/27/2003
1561,792,155,2,great service,9/8/2021
1562,56,12,3,good,9/30/2019
1563,880,322,5,woow,7/10/2010
1564,30,45,1,very good product,8/16/2008
1565,648,26,5,Useful,9/18/2017
1566,540,137,1,great service,8/17/2022
1567,191,382,2,Useful,2/18/2008
1568,629,279,2,amazing,5/4/2022
1569,172,341,4,Useful,7/24/2006
1570,511,210,2,woow,2/6/2024
1571,979,70,3,very good product,11/2/2011
1572,197,214,4,Useful,8/3/2000
1573,289,391,1,Useful,8/14/2000
1574,985,79,3,great service,5/17/2004
1575,684,75,5,Useful,1/26/2017
1576,49,96,3,good,8/27/2020
1577,535,216,2,woow,10/29/2010
1578,474,64,1,great service,11/14/2004
1579,640,318,1,great service,2/20/2018
1580,604,340,4,amazing,7/17/2008
1581,243,89,3,great service,6/24/2022
1582,750,63,3,good,3/8/2009
1583,275,335,3,lovely,2/4/2014
1584,943,155,2,I will buy more,3/14/2009
1585,65,227,2,lovely,5/10/2003
1586,632,341,2,woow,8/17/2007
1587,743,385,4,lovely,12/25/2003
1588,944,135,4,I will buy more,10/7/2017
1589,217,180,4,good,8/3/2024
1590,957,41,3,very good product,5/19/2011
1591,738,87,3,woow,6/27/2021
1592,334,267,1,woow,1/16/2012
1593,119,372,3,very good product,11/3/2020
1594,981,84,3,amazing,4/25/2013
1595,446,277,2,woow,5/23/2007
1596,874,8,2,very good product,3/6/2016
1597,139,185,4,very good product,2/15/2019
1598,502,383,4,lovely,9/4/2010
1599,990,128,4,Useful,7/9/2001
1600,722,112,4,great service,6/2/2015
1601,22,123,3,lovely,5/30/2009
1602,897,339,5,I will buy more,1/8/2007
1603,979,120,2,amazing,10/27/2003
1604,324,84,1,Useful,2/2/2011
1605,899,60,5,amazing,1/13/2002
1606,48,152,4,Useful,5/18/2011
1607,204,18,4,I will buy more,9/22/2019
1608,67,178,1,great service,12/1/2011
1609,885,156,2,woow,6/21/2014
1610,793,45,3,very good product,10/16/2006
1611,982,173,5,lovely,6/21/2012
1612,129,249,3,woow,8/12/2022
1613,405,50,1,lovely,2/4/2008
1614,728,126,2,amazing,9/20/2019
1615,820,185,4,very good product,9/9/2015
1616,86,297,1,I will buy more,12/21/2009
1617,893,27,4,I will buy more,3/13/2010
1618,487,315,2,woow,10/9/2001
1619,941,74,5,amazing,1/3/2003
1620,745,322,2,good,2/17/2001
1621,418,38,5,lovely,3/23/2021
1622,105,356,2,lovely,11/13/2002
1623,695,368,1,great service,4/30/2020
1624,971,319,1,very good product,9/25/2000
1625,976,150,2,I will buy more,12/24/2024
1626,283,303,4,I will buy more,11/7/2017
1627,492,60,5,I will buy more,2/6/2018
1628,196,140,4,very good product,4/17/2020
1629,127,382,3,great service,2/10/2000
1630,559,34,2,lovely,10/7/2005
1631,57,247,2,very good product,3/6/2016
1632,962,50,3,lovely,12/27/2017
1633,713,326,1,woow,11/17/2002
1634,196,262,4,Useful,7/4/2010
1635,35,261,2,great service,9/21/2012
1636,463,230,2,very good product,7/7/2023
1637,234,152,2,Useful,2/19/2017
1638,58,227,2,Useful,1/17/2024
1639,280,128,2,lovely,11/28/2019
1640,621,329,3,I will buy more,12/31/2008
1641,150,110,5,amazing,2/12/2003
1642,901,134,3,woow,2/13/2023
1643,631,287,1,good,10/25/2006
1644,176,56,1,woow,3/28/2016
1645,641,35,2,I will buy more,4/1/2013
1646,978,242,5,amazing,11/18/2017
1647,767,111,1,great service,7/25/2013
1648,612,215,5,Useful,9/1/2013
1649,660,362,3,great service,10/4/2007
1650,183,47,2,amazing,2/18/2003
1651,943,6,5,very good product,1/3/2022
1652,79,209,2,lovely,5/10/2013
1653,823,72,1,amazing,12/13/2024
1654,428,187,5,Useful,9/9/2012
1655,609,241,5,I will buy more,10/1/2003
1656,729,77,2,amazing,11/8/2012
1657,267,15,2,woow,9/6/2022
1658,181,130,4,good,4/3/2019
1659,115,54,5,Useful,11/6/2011
1660,846,399,3,Useful,7/25/2015
1661,930,200,4,Useful,5/18/2005
1662,423,306,3,I will buy more,7/15/2023
1663,457,133,5,I will buy more,6/7/2020
1664,597,19,2,amazing,11/7/2004
1665,238,52,4,woow,7/1/2001
1666,963,146,2,I will buy more,11/7/2004
1667,319,286,3,amazing,12/14/2001
1668,469,205,2,lovely,10/13/2021
1669,481,192,2,amazing,7/19/2006
1670,552,4,4,Useful,10/4/2013
1671,421,274,4,Useful,4/13/2008
1672,635,25,5,amazing,7/3/2018
1673,789,301,1,great service,12/23/2001
1674,46,339,4,woow,1/3/2007
1675,443,212,1,woow,12/2/2012
1676,14,141,5,good,3/7/2006
1677,719,334,2,woow,8/2/2006
1678,915,181,5,woow,5/14/2008
1679,263,70,2,I will buy more,10/14/2023
1680,523,78,5,very good product,1/18/2005
1681,445,304,3,very good product,4/3/2002
1682,458,112,3,lovely,2/12/2005
1683,61,7,3,woow,2/21/2010
1684,592,21,3,great service,4/7/2020
1685,167,276,3,great service,9/5/2004
1686,523,176,5,woow,2/13/2002
1687,765,305,1,lovely,6/8/2009
1688,978,122,1,great service,4/9/2024
1689,843,278,2,I will buy more,12/9/2014
1690,774,256,4,good,3/14/2014
1691,256,365,5,lovely,6/29/2016
1692,842,394,1,very good product,10/20/2010
1693,879,11,1,very good product,11/15/2015
1694,931,391,1,I will buy more,6/24/2011
1695,85,52,4,lovely,11/25/2008
1696,506,57,3,good,12/7/2018
1697,793,59,5,Useful,7/8/2007
1698,518,239,3,very good product,11/21/2011
1699,640,37,1,amazing,11/26/2018
1700,102,361,5,very good product,2/6/2023
1701,954,163,2,very good product,9/29/2004
1702,300,151,4,great service,5/4/2014
1703,747,5,3,great service,4/25/2010
1704,263,44,2,amazing,12/18/2009
1705,330,51,1,Useful,1/1/2015
1706,616,350,3,very good product,10/18/2021
1707,758,375,4,amazing,1/18/2002
1708,909,154,4,I will buy more,4/9/2014
1709,299,373,4,amazing,11/16/2008
1710,938,305,1,great service,7/11/2011
1711,93,366,3,Useful,2/27/2023
1712,352,39,4,woow,1/15/2024
1713,928,172,2,Useful,6/18/2004
1714,587,303,3,I will buy more,7/30/2008
1715,612,27,4,woow,2/20/2023
1716,985,224,1,woow,1/16/2017
1717,489,167,1,great service,7/24/2018
1718,625,234,2,good,1/24/2014
1719,458,260,4,good,11/30/2003
1720,32,24,3,good,8/18/2006
1721,715,132,1,great service,8/11/2014
1722,489,40,3,good,8/11/2003
1723,547,8,5,great service,1/19/2002
1724,780,159,1,I will buy more,1/26/2003
1725,674,140,1,very good product,3/14/2013
1726,661,209,1,very good product,8/9/2013
1727,852,399,4,woow,8/26/2014
1728,845,298,5,woow,11/20/2006
1729,779,219,4,woow,4/6/2005
1730,358,300,2,Useful,4/26/2007
1731,637,355,4,woow,6/1/2017
1732,342,143,1,I will buy more,8/4/2002
1733,361,229,5,very good product,9/28/2002
1734,24,236,2,great service,5/5/2012
1735,472,252,3,very good product,11/24/2015
1736,153,291,2,very good product,7/23/2016
1737,6,239,4,very good product,4/12/2014
1738,221,288,3,I will buy more,3/24/2007
1739,147,400,4,I will buy more,10/22/2009
1740,982,214,3,very good product,11/29/2009
1741,290,315,5,I will buy more,9/10/2015
1742,557,262,5,lovely,8/7/2015
1743,451,347,2,woow,2/23/2005
1744,144,333,4,woow,3/8/2023
1745,526,139,2,Useful,4/26/2004
1746,567,232,3,I will buy more,4/16/2013
1747,258,350,4,Useful,10/30/2015
1748,740,43,3,woow,6/3/2022
1749,20,24,4,amazing,1/18/2020
1750,187,344,1,I will buy more,12/31/2009
1751,534,248,3,amazing,8/13/2017
1752,655,244,4,lovely,1/27/2014
1753,49,233,3,woow,1/22/2008
1754,537,248,1,amazing,9/24/2005
1755,527,128,3,Useful,7/19/2022
1756,818,59,1,woow,10/28/2022
1757,534,252,3,lovely,5/5/2023
1758,684,393,2,lovely,3/5/2006
1759,45,373,4,good,9/14/2008
1760,522,263,3,great service,6/18/2015
1761,618,54,4,I will buy more,7/3/2016
1762,121,306,3,I will buy more,1/6/2024
1763,311,182,4,lovely,8/26/2002
1764,39,139,5,good,12/23/2019
1765,759,241,5,amazing,1/31/2012
1766,314,350,5,lovely,3/14/2023
1767,746,279,3,good,3/22/2011
1768,307,158,4,very good product,6/10/2005
1769,169,324,1,amazing,12/24/2020
1770,503,288,1,lovely,11/18/2010
1771,193,271,2,amazing,10/6/2003
1772,695,368,1,lovely,1/11/2013
1773,50,224,2,I will buy more,1/13/2014
1774,851,282,3,I will buy more,8/24/2016
1775,593,16,5,good,5/4/2008
1776,265,323,1,Useful,5/26/2003
1777,974,105,5,woow,5/27/2021
1778,135,259,1,very good product,10/11/2007
1779,283,258,2,very good product,11/24/2021
1780,821,358,2,woow,8/31/2007
1781,673,377,3,very good product,2/18/2005
1782,456,297,3,great service,7/24/2021
1783,708,349,3,I will buy more,12/31/2021
1784,988,208,5,amazing,6/16/2005
1785,310,174,1,good,7/9/2015
1786,72,169,3,Useful,7/27/2001
1787,600,318,4,great service,10/5/2010
1788,563,359,2,amazing,2/20/2006
1789,303,189,2,woow,12/18/2020
1790,299,368,2,woow,3/7/2006
1791,164,235,5,I will buy more,12/27/2016
1792,210,185,5,woow,8/1/2010
1793,388,128,1,lovely,8/9/2022
1794,96,303,5,great service,8/10/2010
1795,838,51,3,good,11/25/2011
1796,563,211,2,I will buy more,3/18/2021
1797,646,108,2,great service,1/27/2018
1798,860,61,5,lovely,9/19/2019
1799,333,269,2,Useful,6/6/2008
1800,756,327,4,woow,5/4/2007
1801,18,358,4,good,6/2/2023
1802,815,5,5,lovely,10/7/2018
1803,904,28,3,I will buy more,10/18/2008
1804,707,98,4,amazing,1/11/2012
1805,138,375,3,Useful,3/30/2022
1806,872,109,4,Useful,1/3/2001
1807,984,263,1,great service,7/8/2008
1808,645,311,2,good,12/8/2008
1809,360,15,5,I will buy more,2/22/2014
1810,838,388,3,woow,9/7/2017
1811,128,32,5,Useful,5/25/2015
1812,421,135,4,Useful,11/11/2011
1813,242,313,5,lovely,4/14/2012
1814,719,261,2,I will buy more,2/14/2000
1815,470,213,3,amazing,12/11/2023
1816,693,306,5,great service,5/2/2011
1817,17,78,4,lovely,9/7/2016
1818,622,205,4,amazing,10/14/2018
1819,771,166,4,Useful,4/29/2005
1820,343,396,1,great service,12/22/2019
1821,98,299,3,I will buy more,5/28/2000
1822,254,111,1,very good product,7/26/2021
1823,91,324,3,woow,1/15/2008
1824,1,134,5,lovely,6/2/2002
1825,442,383,1,lovely,11/17/2011
1826,964,325,3,woow,1/18/2007
1827,683,341,4,very good product,11/5/2021
1828,764,236,4,very good product,5/19/2003
1829,862,222,3,great service,4/22/2024
1830,205,282,1,very good product,6/18/2018
1831,991,176,4,I will buy more,10/21/2016
1832,617,63,1,woow,2/24/2012
1833,886,279,2,very good product,2/26/2010
1834,355,287,3,Useful,3/20/2019
1835,482,398,3,very good product,6/5/2001
1836,478,206,3,amazing,8/27/2023
1837,4,72,2,lovely,9/5/2020
1838,180,263,5,good,4/19/2002
1839,172,85,5,woow,10/15/2017
1840,630,188,5,good,7/18/2017
1841,948,196,1,Useful,1/11/2008
1842,887,386,1,great service,6/26/2023
1843,894,6,5,I will buy more,2/1/2004
1844,71,302,2,I will buy more,5/1/2003
1845,518,189,5,good,2/10/2003
1846,262,35,4,amazing,11/11/2018
1847,304,390,5,Useful,8/17/2011
1848,631,179,3,great service,6/2/2019
1849,459,153,3,Useful,4/17/2007
1850,831,82,2,amazing,11/8/2001
1851,959,123,1,I will buy more,12/12/2004
1852,549,151,4,amazing,6/20/2005
1853,813,295,1,lovely,8/13/2024
1854,40,112,1,lovely,1/24/2012
1855,160,68,5,lovely,8/15/2013
1856,674,171,4,lovely,7/17/2009
1857,609,8,4,woow,11/15/2004
1858,166,382,1,great service,12/4/2006
1859,680,246,1,good,4/4/2016
1860,999,44,5,good,10/22/2010
1861,966,167,4,very good product,1/19/2002
1862,875,1,1,great service,4/22/2019
1863,852,199,1,Useful,8/9/2019
1864,646,258,3,woow,3/27/2007
1865,341,225,3,great service,6/8/2003
1866,284,81,3,lovely,9/2/2007
1867,644,11,1,Useful,8/28/2008
1868,6,43,2,good,4/8/2003
1869,388,79,4,amazing,1/10/2001
1870,680,3,2,Useful,12/22/2008
1871,898,305,3,Useful,7/2/2006
1872,4,17,3,Useful,7/6/2002
1873,426,388,1,amazing,1/29/2007
1874,123,114,2,I will buy more,2/29/2008
1875,161,205,5,lovely,5/1/2005
1876,537,294,5,lovely,9/29/2006
1877,405,99,3,amazing,8/7/2023
1878,664,240,1,very good product,2/17/2014
1879,519,339,5,woow,12/29/2017
1880,526,315,5,woow,10/26/2022
1881,510,250,2,lovely,7/12/2001
1882,250,334,1,woow,1/19/2024
1883,654,140,3,Useful,11/13/2009
1884,642,375,4,great service,11/20/2012
1885,670,102,4,great service,5/21/2003
1886,85,343,3,great service,11/23/2005
1887,119,373,2,very good product,2/27/2002
1888,873,292,5,woow,1/12/2007
1889,613,367,4,great service,2/9/2005
1890,580,22,2,Useful,2/22/2015
1891,604,148,2,great service,5/19/2005
1892,661,108,1,lovely,11/16/2001
1893,104,44,4,lovely,6/23/2014
1894,244,138,3,very good product,2/9/2004
1895,15,33,1,woow,10/19/2024
1896,763,33,1,lovely,10/5/2013
1897,936,56,4,lovely,3/14/2005
1898,950,12,1,I will buy more,8/19/2019
1899,506,86,2,lovely,9/21/2009
1900,81,174,5,amazing,1/24/2001
1901,1000,396,4,lovely,5/20/2015
1902,859,161,2,good,10/10/2002
1903,737,321,3,very good product,4/27/2003
1904,463,209,5,very good product,7/11/2015
1905,420,21,5,Useful,5/30/2016
1906,281,224,1,woow,5/6/2015
1907,125,364,5,good,4/10/2020
1908,661,183,4,amazing,3/9/2008
1909,141,50,5,very good product,8/15/2012
1910,218,164,3,Useful,3/8/2005
1911,370,100,2,very good product,12/3/2020
1912,446,59,2,great service,4/20/2014
1913,27,133,2,I will buy more,11/18/2023
1914,743,335,1,woow,2/10/2020
1915,290,287,1,I will buy more,3/2/2016
1916,448,151,3,lovely,8/6/2015
1917,25,137,5,very good product,7/19/2009
1918,687,250,5,good,4/6/2014
1919,355,95,2,woow,3/11/2017
1920,743,282,1,woow,3/3/2017
1921,141,312,4,woow,5/14/2015
1922,804,355,4,amazing,3/2/2024
1923,467,339,2,very good product,3/8/2003
1924,116,341,3,good,4/23/2010
1925,826,33,1,good,4/3/2017
1926,817,50,5,great service,7/5/2011
1927,347,160,1,lovely,1/31/2015
1928,553,332,5,very good product,10/15/2024
1929,700,125,4,Useful,2/15/2009
1930,392,374,2,lovely,11/6/2021
1931,473,69,2,lovely,2/22/2001
1932,749,106,3,Useful,6/25/2019
1933,746,381,4,woow,1/16/2009
1934,307,14,5,good,1/19/2008
1935,370,319,3,lovely,9/22/2002
1936,251,223,2,Useful,5/15/2007
1937,644,76,3,Useful,12/19/2002
1938,645,42,1,good,3/7/2006
1939,659,134,2,amazing,11/16/2002
1940,797,123,3,lovely,1/30/2023
1941,576,124,1,very good product,12/9/2001
1942,18,156,1,Useful,2/22/2009
1943,503,23,5,lovely,3/17/2007
1944,592,68,5,good,11/10/2016
1945,216,293,1,lovely,1/30/2019
1946,823,217,4,lovely,6/16/2000
1947,3,377,4,I will buy more,12/21/2001
1948,244,72,3,great service,11/14/2015
1949,484,338,1,lovely,3/3/2008
1950,75,167,1,Useful,8/27/2000
1951,668,154,3,I will buy more,8/1/2004
1952,978,241,2,Useful,10/8/2011
1953,25,386,2,lovely,11/10/2017
1954,427,330,5,very good product,7/22/2023
1955,286,286,4,good,10/22/2009
1956,349,125,2,Useful,9/7/2010
1957,584,58,5,Useful,5/16/2008
1958,163,390,5,Useful,3/21/2010
1959,120,138,2,very good product,3/16/2024
1960,602,360,3,amazing,4/14/2014
1961,330,22,2,I will buy more,8/26/2023
1962,132,290,5,great service,12/18/2019
1963,909,131,4,amazing,9/4/2018
1964,47,161,5,great service,5/23/2011
1965,277,105,3,lovely,12/2/2013
1966,461,372,3,good,10/17/2006
1967,644,233,5,amazing,6/30/2002
1968,129,158,5,amazing,4/17/2004
1969,390,193,2,woow,9/23/2020
1970,119,336,1,very good product,5/31/2002
1971,985,179,2,good,4/5/2020
1972,229,46,2,woow,1/28/2004
1973,385,71,5,amazing,11/17/2016
1974,814,290,5,very good product,1/1/2020
1975,397,195,2,lovely,10/21/2013
1976,719,165,4,woow,10/1/2020
1977,535,101,2,great service,4/18/2000
1978,563,289,2,very good product,1/28/2007
1979,589,292,5,I will buy more,4/2/2015
1980,227,299,1,great service,6/29/2011
1981,728,343,2,woow,11/13/2002
1982,195,63,4,great service,10/16/2000
1983,200,138,1,woow,1/23/2024
1984,83,268,4,very good product,1/8/2021
1985,167,171,1,great service,5/8/2002
1986,794,340,2,Useful,1/8/2021
1987,871,121,4,I will buy more,10/22/2021
1988,967,259,4,good,2/1/2018
1989,882,121,1,amazing,7/30/2019
1990,249,70,1,Useful,2/16/2021
1991,318,219,1,Useful,3/23/2023
1992,229,96,1,lovely,4/27/2001
1993,743,243,4,good,10/22/2006
1994,994,212,5,good,2/14/2024
1995,835,5,5,Useful,5/5/2022
1996,943,183,5,great service,5/8/2011
1997,532,128,1,very good product,3/14/2023
1998,166,205,4,Useful,6/11/2013
1999,546,247,1,very good product,1/4/2020
2000,765,380,5,amazing,3/20/2011
